post_title,sku
0.5W-13V,36874416
0.5W-6V8,19670291
0001.2508,20864381
0001.2515,20162069
0001.2516,39897012
0031.1081,20873651
0031.2308,20897603
0034.2526,51785457
0034.6007,20864780
0215005.HXP,19605440
0215010.HXP,19113344
0215020.MXP,20865044
0217002.HXP,20865116
02173.15HXP,20606882
0218001.HXP,20866406
0218005.TXP,20866475
0218010.HXP,20693051
0230002.DRT1P,51048888
0234002.MXP,20866565
0234008.MXP,20866727
023403.5MXP,20866826
0297002.WXNV,20866949
0297015.WXNV,20867075
0312004.HXP,36170793
0312005.HXP,23537789
0312008.HXP,23537876
0312010.HXP,44900507
031202.5HXP,20867363
0314010.HXP,20867582
0314012.HXP,44900648
0314025.HXP,44901092
0314030.HXP,20867657
0443.500DR,20867753
0454007.MR,20867828
0473002.mrt1l,34258419
06035A120JAT2A,34906086
06036D105KAT2A,19122119
0603B104K500CT,19122209
0603ZD106MAT2A,19122272
08053D224KAT2A,19122407
08055A102JAT2A,33856566
0805YC334KAT2A,19122488
09120083001,19334426
09330102716,35436099
09330242701,19349774
094.91.3,20897774
095.01,20897879
09503061,35436612
09670008267,19351280
097.01,20897951
"1,5K 4W",38168247
1-2199298-2,25654598
1-66504-0,35438511
1-826632-0,35439102
1-966067-4,35439570
1-966067-7,19352771
1-966067-9,19352966
1.5KE150CA-DIO,31871504
1.5KE180A-DIO,19670903
1.5KE180CA,19671005
1.5KE18A,19671077
1.5KE220CA-DIO,50246073
1.5KE300CA-DIO,36889218
1.5KE30CA,19671464
1.5KE39A,19671728
1.5KE400A,30078938
1.5KE6.8A-B-LF,19671986
"1/4W 110K",38169240
1/4W180R,38171442
1/4W2.2K,38171772
1/4W2.4K,38171922
1/4W270R,38169528
1/4W3.9K,38172498
1/4W39K,38173440
1/4W5.1K,32639255
1/4W510R,38176164
1/4W51R,38176275
1/4W75R,38176734
1/4W82K,38170797
1/4W9.1K,38176872
1/4W910K,38177556
1/4W91K,38179641
1/4W91R,38171004
1/4WS15R,38182413
1/4WS3K3,38182134
1/4WS68R,38265468
10.00M-HC49-S,38052468
10.00M-SMDHC49S,38052642
10.70M-HC49,38054151
100/200,20930804
1005.1105,39915759
10118193-0001LF/C,44696934
1023087-1,19166867
102387-1,35489742
1069-PRO-RT,32295719
1069-PRO-SW,32295944
10DZ10,19672355
12-03BFFA-SL8001,19354028
12-08BFFA-SL8001,19354097
12.000MEEQ-T,38054439
12.00M-HC49SR,37463526
12106D107KAT2A,19123037
1292.1401,31398575
1301.9314,41585391
1352.0101,18988802
14.7456M-HC49-S,38054655
14.74M-SMDHC49S,38054868
150141RS66130,41592207
15EDGK-3.5/10P,35440524
15EDGK-3.5/2P,47275143
15EDGK-3.5/3P,35440839
15EDGK-3.5/4P,32904362
15EDGK-3.5/8P,35440968
15EDGK3.81-03P,35441124
15EDGK3.81-05P,19355225
15EDGRC-3.5/2P,35441436
15EDGRC-3.5/3P,19355435
15EDGRC3.81-04P,19355657
15EDGRC3.81-06P,35441970
15EDGVC-3.5-03P,19355936
15EDGVC3.5-04P,19356017
15EDGVC3.81-08P,41113383
16.00M-SMDXT324,38055276
16.384M-HC49-S,38055132
160MT160,42520716
1776275-2,19356164
183024-1,19356470
189020.6.3,53122326
19050353,37446729
19620005057,19356686
1N4007-13-DIO,36020508
1N4007-DIO,31698665
1N4148-DIO,32708516
1N4148WS-E3-08,33856437
1N4148WS-G3-08,41586171
1N5337B,30031655
1N5341B,19672718
1N5346B-DIO,19673330
1N5351BG,36896652
1N5362B-DIO,19673483
1N5363B-DIO,36897177
1N5365B-DIO,36897309
1N5373B-DIO,19673582
1N5377B-DIO,36897606
1N5388BRLG,19673684
1N5819-DIO,19673786
1N5822-DC,44414331
1SMB5918BT3G,36898530
1SMB5926BT3G,19673969
1W-100K-1%,53039916
1W-10R-1%,37737489
1W-130K,38266218
1W-150R,38266287
1W-150R-1%,38266329
1W-18R,38266359
1W-1K5-1%,38266470
1W-220K-1%,53044350
1W-220R-1%,38266536
1W-2K-1%,38266596
1W-330K,53045394
1W-390R,38266671
1W-390R-1,38266737
1W-3K3,53041992
1W-470R-1%,38266788
1W-4R7,52539813
1W-560R-1%,38266863
1W-5R6,37705077
1W-6K8-1%,31710881
1W-6R8,38267004
1W-8K2-1%,31711172
2-520335-2,19356776
20/200,20930858
200856,35522682
200MSACMK1STD,34224501
2061-601/998-404,19356974
215297-8,20899238
215307-6,20899307
216-201,18318266
"22.1184M HC49",38055738
221-615,45899972
24.102.1,38406045
24.102.2,38405859
24C02CP,33970341
24LC65-I/P,33970842
"25.00M SMDHC49R",38056032
25.00M-SMDHC49S,38056158
25.206.1,38406207
25.206.2,38406324
250uf/250V,52745664
280358,35526879
280590,19357058
280609-1,19358933
2EDGK-7.5-02P,19359107
2EDGK-7.5-04P-14,35529900
2EDGRC-5.0-03P14,19359698
2EDGRC-5.0-05P14,19359773
2EDGRC-5.0-06P14,19359794
2N1711,21037094
2N2219-CDI,21037178
2N2222-CDI,41840937
2N5061G,21033350
2N5401-DIO,21037409
2N6027,21037631
2PH1-40-UA,35531109
2SA1213-Y-TP,38599623
2SA1837,38599914
2SC2166,38600148
2SC3807,38600286
2SC4234,38600577
2SD882,50171925
2SK1117,38600394
2SK3557-6-TB-E,19303580
"2W 18K",38267133
2W-100K,20397452
2W-1K,31941020
2W-1K3-1%,38270034
2W-1R,38270199
2W-1R5,35229954
2W-27K,38270280
2W-3R3,38270379
2W-470K-1%,38270418
2W-4K7-1%,48149853
2W-510R-1%,38270571
2W-560R-1%,38270640
2W-68K,37492947
2W-6K8,38270760
2W-820R-1%,38270868
3.276M-HC49,38056323
3.276M-HC49R,38056500
3.57M-HC49-S,38056644
30R090UU,20868668
31-903.7,18998003
3101.0045,19361657
3190,37311795
32.768K-15PPM,38056896
3296P-1-500,37576758
32MX270F256D-50IPT,33971634
3365/06-100,31162385
3403.0160.24,20868812
35203R9JT,38270982
37202500431,18532694
3EZ120,19674026
3EZ130-DIO,19674080
3EZ15-DIO,32902346
3W-10K,38271138
3W-12K,38271240
3W-15K,38271333
3W-3K3,31972040
3W-470K,38271507
3W-6K8,38271681
4-103321-8,35532222
4.12.80.3.420,34948080
4.16.10.03.27,34948269
4.16.10.30.64,19123730
4.915M-HC49-S,38057574
40.31.7.012.0000,38141532
40.31.9.012.000,38141751
40.52.9.012.000,36021405
40.52.9.024.000,31871162
40.61.7.024.000,37644852
40.61.8.024.000,33108242
40.61.8.230.000,49936422
40.61.9.024.000,32645429
4001-SMD,33971892
4014,33972036
4116R-1-104LF,38271870
43-01155,18209831
43031-0021,52266786
43045-0809,19364264
43645-1200,45751520
45UF/400V,33432398
46.52.9.024.004,23532038
46.52.9.024.007,38133339
46.61.9.024.004,38135685
48.00M-HC49-S,38057808
4850-1810,35535669
491635,20869028
491920,45900017
4N35-LIT,32684429
5-1634556-0,19369856
5-554720-3,35609064
501JCA20M0000BAG,38058195
503400,39228405
534-10K,40002357
544-3812,19370411
544-3834,19370456
55.32.9.024.094,37245951
55.34.8.024.004,21537528
55.34.9.024.004,38138634
55.34.9.024.094,38143638
55.34.9.048.0040,38143929
5.5329E+11,38144289
5.5349E+11,38144493
56.32.8.230.000,38144760
577202B00000G,38133915
590-0400,19370489
5KP36A-DIO,42600093
5UF/400V,33432530
6.00M-HC49-S,38058423
6.18009E+11,32984849
637H,34858419
639H,38608767
"649 004 221 732",19370738
649H-2,38609415
652B0162215,20900303
67996-216HLF,19373813
6N136,37548471
6PMI-100R,37577526
6PMI-250R,37577676
70/200,19691969
701-0400,19374143
7111S2015X02LF,19374218
737431-2,31122551
744053004,33311552
74AHC125-SMD,33972186
74HC02D.652,33973809
74HC123-SMD,33975291
74HC132D-SMD,33975642
74HC132D.652,33975810
74HC174,33975972
74HC238,33976125
74HC4040D.652,33976275
74HC4066PW-Q100,33977787
74HC4094DB.112,33977982
74HC42,33978234
74HC541-SMD-300M,33978393
74HC574-SMD-300,33978573
74HC85,33978960
74HCT00D.652,33979116
74HCT154D.653,33980466
74HCT157,33980571
74HCT193,33980946
74HCT1G326GW,33981300
74HCT20,33982185
74HCT238,33982965
74HCT30,33983232
74HCT541,33983502
74HCT688,33983718
74LCX14MTC,33983892
74LS192,33984111
74LS373,33984369
74LS47D,33984588
74LS75,33984705
74LVC1G125GW,33985644
74VHC244M,33985899
75UF/400V,32621777
77313-818-14LF,41477763
78L09,33986283
78L15,33986388
78M15CDT,33986523
7918,33986715
7924,33986883
79L05,33987018
79L12,33987183
7BB-20-6CL0,36873996
8.00M-HC49-S,38058717
8020.5012,39916803
8020.5013,28180280
8020.5015,28180142
8020.5017,22413403
8020.5074,18902876
8020.5075,18902909
814583,52950369
826926-2,35613216
8.85012E+11,34949421
9-1415899-4,38868159
90325-0010,20900399
92.031.3258.1,19374293
93C86C-I/P,33987453
93LC86C-I/P,33987645
94.04,47220270
95.83.3,19498655
97-3102-14S-1S,19374392
97-3102-14S-7S,19374521
97-60-14,40495488
97.02,18236807
99.02.0.024.98,38145348
9906080003,19374743
9SLTB013SF3R,37447170
A-1JB,20900702
A-DA-73100,33881832
"A-DF 09PP/Z",19374830
A04XSR04XSR36R203A,44601417
A3960H-02P-1,19374884
A4110000,37580133
A750EK227M1AAAE018,19123943
AB103-MBKS-WP,19666046
AB467,19375166
ABE10A250V,33001865
ABE15A250V,31861055
ABE30A250V,20869430
ABS-10,19666304
ABS-14N,19666391
ABS-78Z/BK,39962496
ABS-9,19666526
AC-002,19375226
AC-015,19375265
AC05-330R-5%,31556687
AC0603KRX7R9BB224,42064830
AC5MJ,31671218
ACCU-1/3AAA/170-GP,20951075
ACCU-18650-2.6-4A,46468211
ACCU-80/3,21744483
ACCU-HP1.3-12/Q,38768307
ACCU-ICR18500/PCB,30256901
ACCU-NCR18650GA,30542270
ACCU-R6/2500-V,34563606
ACJM-MV35-2S,20900831
ACPL-214-500E,37548804
ACPL-7900-000E,38759244
ACPL-847-000E,37549479
ACS108-8SN-TR,21033671
AD22100KTZ,33987801
AD5241BRZ1M,33988062
AD603ARZ,33988311
ADS1115IDGSR,49484601
AE-A1080MO,38749527
AE-C1510ABAAA,47648496
AE-C3911BAAAA,19000163
AE-R13112BNAB,19000439
AG3F,35615901
AK-300108-010-S,33882261
AK3191/4,19388129
AKZ750/2,35618928
AKZ960/2-7.62,19388195
ALARM10X0.22,32634161
ALARM6X0.22,19811615
ALDP124,31952033
ALP.80700600100,33696644
ALP.80700800100,33696800
AM04-120,33655835
AM1S-1224SZ,38146179
AM3-12B,38146449
AMP-0-0281934-2,19392398
AMP-1-215083-0,19394804
AMP-539972-1,30601097
AMP170364-1,19394996
AMP172169-9,19395233
AMP172233-2,19395434
AN5515,34106577
AN6884,37032264
ANC-200P-19-18BK,42533262
ANC-200P-19-18WH,42533025
AO4421,38601309
AO6802,38601396
AON6312,47794197
AP2.5-10,19395509
AP3103AKTR-G1,34106826
APE1707M-HF-3TR,34107246
APE2902Y5R-30-HF-3,34107402
AQH3223AJ,38147346
AR03W3S2-150,20849864
AR03W3S2-70,51784740
AR0603-56K-0.1%,38272263
AR0805-24K9-0.1%,38272446
ARK1103Z,19395788
ARKZ950/5,19396115
AS393P-E1,34107573
AT04-6P-SR02BLK,19396244
AT25DF321-SU,34107792
AT45DB161D-SU,34108179
AT850D/H,34754550
ATATMEL-ICE-ADPT,24611726
ATE1E,41582433
ATE1G,41582463
ATMEGA328P-MU,34108407
ATP06-4S-KIT01,35626224
ATP4PS-CKIT,35626383
AWHP-40B,19396289
AWHSH105D00G,39051177
AWP-10,41543952
AWP-14,19397309
AWP-16P,41114247
AWP-20P,35626914
AX-3003L-3,45529700
AX10WA-100R,41438310
AX10WA-47R,41438151
AX15W-1R,32629409
"AX5W 560R",33441869
AX5W-200R,38037576
AX5W-33K,46572563
AX5WV-4K7,38157774
AZ2150-1A-5DE,38147892
AZ2150-1C-24DE,33045548
AZ822-2C-5DSE,38149110
AZ850-12,38149296
B05MF,20126987
B10S-R2,37335063
B10X38S-0.5A,20869694
B10X38S-2A,31887995
B10X38S-4A,20869943
B1112A1ND3G150,19403363
B125S2A-SLIM-DIO,38049018
B14X51S-10A,20870219
B2-A,38597022
B2.2X5/BN82428/BK,19403441
B2.5X4/BN3334,19403765
B2.9X9.5/BN13274,19403870
B260,34108641
B2D20120HC1,52838910
B2X5/BN384,35631261
B3.5X13/BN1016,19404041
B3.5X13/BN14072,35631696
B32-1360,19000514
B32022A3333M000,19124045
B32522C3105K189,54070275
B32529C0105K189,34950246
B3F-1002P,34862709
B3F-1060,19000994
B3FS-1000P,19001300
B3X12/BN3333,35643729
B3X6/BN2724,19404605
B43544A6277M000,41340342
B4X5/BN1435,19404692
B4X8/BN1435,19404743
B4X8/BN25,19404818
B4X8/BN4825,35644461
B57235S0100M,33772701
B59985C0120A051,25545866
B8X31S-6A,20870414
BA159-DIO,33045356
BA15D,37461813
BAB116025R0KE,38158632
BAR63-03,19674803
BAS16J,19675700
BAS386-TR,33938679
BAT-23A/EG-BLX2,30638534
BAT-6LR61/EGI-BOX,30638936
BAT-A11/EG-B2,30639296
BAT-AG10/GP-B10,36589578
BAT-AG4/GP-B10,30806795
BAT-CR1620/V,30807014
BAT-CR2016/VA,30807236
BAT-CR2412,30809231
BAT-LR03/DRPR-BOX,31690919
BAT-LR1/910A/GP.,43424538
BAT-LR6/DRPR-BOX,36588783
BAT-V395MF,30870731
BAT42,32462807
BAT43,19675892
BAT48,19675937
BAT54A,19676006
BAT54C-DIO,39456516
BAT54S-DIO,19676042
BAT54WS-V-GS08,19676153
BAT721S-T/R,19676276
BAV70-DIO,19676411
BAV70WT1G,19676456
BAW56.215,19676516
BAW76,19676855
BC-025W/R,19405064
BC-027/R,19405736
BC-0301,20901503
BC-2001,20901578
BC-2002,20901785
BC-2003,20901902
BC107B,38601726
BC108B-CDI,38601876
BC109B-CDI,38602044
BC327-40-GURT,34959435
BC337-25,31698245
BC337-40-GURT,34961076
BC637-CDI,38602533
BC640,38602707
BC807-40-DIO,33747039
BC817-16-DIO,20393831
BC817-25-DIO,27981860
BC817-40-DIO,38603970
BC846BLT1G,38604474
BC847B-DIO,35796408
BC849B-DIO,38604765
BC856-CDI,38604921
BC856B-DIO,18751823
BC856BW.115,38605170
BCEC-5.5V-1.0F,19124372
BCR108WH6327,38605857
BCR401R,34108752
BCV27,41942757
BCX51-10,38606043
BD139-ST,47271609
BD140-CDI,47271636
BD244CG,38607051
BD246C,38607231
BD681,38607633
BD682G,38607864
BD9329AEFJ-E2,34109022
BF0.8,41174091
BF184,52351404
BF259-CDI,33679442
BF472,38608716
BFR93AE6327,38608890
BH-211-1A,20902238
BHC-CR123A,20902601
BHR1029,20902757
BK/AGC-1/2,20870621
BLM21AG121SN1D,41262489
BM00131,34728285
BM00145,37327965
BM00148,19405814
BM00291,32887136
BM00319,39748689
BM00331,35757438
BM003371,23040050
BM00500,30524927
BM00501,19406459
BM00503,19406498
BM00556,35799603
BM00601,35799942
BM006551,38016390
BM01119,19406636
BM01237,35807685
BM01331,35813463
BM01502,19406738
BM01504,19406771
BM01506,19406807
BM2507,19406879
BM4809,19406963
BM4813,19407008
BM4920L,19407047
BM80140,22442485
BM80331,39749085
BNC-010-T,19407254
BNC-011,19407314
BNC-056,52134198
BNC-110,19407407
BNC5020G15,19407488
BNC502CNT400W191,19407557
BPW34-O,31588748
BRP002R8L105,19124432
BS-324-LS-B,20903330
BS-324-LS-R,20903798
BS-IC,32454020
BSP52,38609313
BSS123,38609817
BSV52,38610036
BT-H80H,34323063
BT-KAP90/A,31667894
BT-L-060,41322063
BT-L-070,34322955
BT-L-120,20031083
BT138B-800E.118,33042983
BT139-800E.127,32905226
BT139B-800E.118,37562754
BT152-800R.127,36708594
BTA208-600B.127,38744937
BTA26-600BRG,52838568
BTS500101TAEATMA1,34109358
BTS5210G,34109553
BTS612N1E3128A,38610438
BUELA30KRT,35416806
BX0036,20904053
BX0123,20904116
BY12-DIO,19677185
BY229/600,19677245
BY255-DIO,32013308
BY550-1000-DIO,32313842
BYP60A6,19677614
BYP60A6-DIO,36968118
BYP60K6,19677674
BYP60K6-DIO,36971256
BZM55C15,19677815
BZT52C15-7-F,19677890
BZV55C2V4,19677989
BZV55C4V3,19331909
BZV55C6V2,19678049
BZV55C6V8,19678103
BZV85-C24.133,35316291
BZV85-C3V9.113,19678220
BZW06-19B-DIO,19678457
BZW06-23B,19678559
BZW06-33V,19678706
BZX55B18-A0G,39354096
BZX55B24-A0G,39354252
BZX55B4V7-TR,51501861
BZX55B5V1-A0G,39353685
BZX55B7V5-A0G,39353889
BZX55C10,19678868
BZX55C12-DC,30975083
BZX55C15-TR,32723657
BZX55C20-R0G,39354402
BZX55C22-DC,39354549
BZX55C24,32723780
BZX55C2V7,19678982
BZX55C33,19679006
BZX55C36,39354651
BZX55C39,39354762
BZX55C3V3,36976242
BZX55C47-DC,39354873
BZX55C4V7,19679093
BZX55C6V2-TAP,36976929
BZX55C8V2,19679126
BZX55C9V1,19691084
BZX55C9V1-TAP,51501885
BZX84C12,19691573
BZX84C15-DIO,19735121
BZX84C18-7-F,19735208
BZX84C2V7,36979659
BZX84C33,36979818
BZX84C7V5-DIO,36980145
BZX85C10-TAP,39355029
BZX85C12-ONS,39346908
BZX85C12-TAP,39355218
BZX85C13-TAP,36980271
BZX85C15-TAP,39355326
BZX85C16-TAP,32723924
BZX85C18-TAP,32327240
BZX85C20-TAP,39355569
BZX85C22-TAP,39355893
BZX85C27-TAP,39356058
BZX85C30-TAP,39356181
BZX85C33-TAP,39356328
BZX85C43-TAP,37007040
BZX85C6V2-FAI,37007151
BZX85C8V2-TAP,37007295
BZX85V068,37007562
BZX85V100,37007628
BZX85V150,37007703
BZX85V200,37007838
BZY043,37026741
C0.22V160R10,19124558
C0603C104M3RACTU,19124633
C0603C470K5RACTU,19124705
C0603C475K9PACTU,19124786
C0805C180K5GACTU,19124831
C0805C330J5GAC,19124930
C106M-CDI,26770583
C106M1G-LF,33678467
C14G50,28328306
C1608X5R1E224K,19125008
C317C103K1R5TA,19125065
C3972BBAAA,34868715
C4007,34109691
C4020,34109805
C4028D-SMD,34109964
C4043,34110078
C4069D-SMD,34110177
C4070D-SMD,34110468
C4071D-SMD,34110585
C4078,34110681
C430C106K3R5TA,52270797
C4513,34111035
C4514,34111158
C4528,34111311
C4543D-SMD,34113375
C520D,34114713
"C82NF001,0L",19125209
C987U103MYVDBA7317,19125659
CA14A11RT,37580922
CA14V-5K,45759926
CA6V-25K,37581210
CAR-020,35828952
CAR-021,19436357
CAT4238TD,34118172
CB-HFT1.6/1M-BK,33745842
CB-HFT12.7/1M-BK,32729336
CB-HFT12.7/1M-WH,18701771
CB-HFT12.7/1M-YE,41266689
CB-HFT2.4/1M-BK,32634527
CB-HFT25.4/1M-BK,32684603
CB-HFT3.2/1M-BK,39625758
CB-HFT4.8/1M-BK,33152480
CB-HFT6.4/BOX-BR,33774594
CB-HFT9.5/1M-BK,32728286
CBB60A-1.5/450,19125710
CBB60A-12/450,33265976
CBB60A-14/450,34975668
CBB60A-16/450,33266135
CBB60A-20/450,31561412
CBB60A-30/450,33266399
CBB60A-40/450,19126433
CBB60A-50/450,25196852
CBB60A-60/450,33251078
CBB60A-80/450,33254498
CBB60E-1/450,19165868
CBB60E-6/450,48284613
CBB60G-10/450,33266609
CBB60H-25/450,33433523
CBM-RD,35829525
CC-006B,35829972
CC-006W,35831121
CC-10,19122950
CC-10N,19122881
CC-1114,19448570
CC-1N,19123127
CC-2.2N,41342661
CC-222R,19448687
CC-22N,19166153
CC-271/500,19166180
CC-33,19123322
CC-4.7N,19166198
CC-473/500,19166219
CC0603CRNPO9BNR56,19166630
CC0805CRNP091R2,34978347
CC0805CRNP091R5,34978476
CC0805CRNP093R3,34978596
CC0805KKX7R9224,19166840
CCH-100K,36018078
CCH-18P,34981566
CCH-1K,19174364
CCH-1N/3000V,19174400
CCH-2K2,19174424
CCH-4K7,19174448
CCK-22N,19174472
CCK-27P,19174484
CCK-33P,19174490
CCK-4N7,19174508
CCPF022K1206,35012226
CCPF027K0805,19174604
CCPF033K0402,19174649
CCPF039K0805,19174667
CCPF039K1206,19174721
CCPF047K0402,19174787
CCPF056K0805,19174814
CCPF068K0805,19174844
CCPF068K1206,19174874
CCPF082K0805,19174892
CCPF1.0K0805,19174973
CCPF1.2K0805,19175000
CCPF100K0805,19175030
CCPF180K12/39979,19175249
CCPF2.2K1206,19175282
CCPF2.7K0805,19175312
CCPF220K0402,19178246
CCPF220K0805,19179545
CCPF220K1206,19179617
CCPF270K1206,19179695
CCPF3.9K1206,19179743
CCPF330K0805,19179992
CCPF4.7K0603,19180025
CCPF4.7K0805,19180094
CCPF470K0402,19180136
CCPF6.8K0805,19180160
CCPF680K0805,19180190
CCPF680K1206,19180214
CCPF8.2K1206,35101842
CCT-1N/50V-S,19180274
CCT-1U/100V,19180325
CD-ADAPTER.011,33775470
CD143A-SR05,37028022
CD4002BE,34124478
CD4009UBE,34124544
CD4013BE,44698380
CD4015BE,34124898
CD40175BE,34125024
CD40175BM,34125105
CD4017BE,34193499
CD40192BE,34193550
CD4021BE,34193640
CD4022BE,34193724
CD4026BE,41284257
CD4028BE,34193886
CD4060BE,38016306
CD4066BE,26879876
CD74HC4050M,34329708
CD74HC541E,34329882
CDA925ME,19448810
CDB404E,34330053
CDB408E,34330248
CDB4121,34330413
CDB420E,34330557
CDB430E,34330683
CDB451,34330767
CDB454,34330899
CDB476E,34331037
CDB486,34331295
CE-1/100PHT-Y,41456235
CE-10/63PHT-Y,41456451
CE-100/16PHT-Y,32721701
CE-100/25PHT-Y,35102508
CE-100/50PHT-Y,33762684
CE-1000/16PHT-Y,35103639
CE-1000/25PHT-Y,32695439
CE-1000/35PHT-Y,35103780
CE-220/16PHT-Y,49570545
CE-220/25PHT-Y,32325842
CE-2200/16PHT,41457213
CE-2200/35PHT-Y,33386507
CE-47/50PHT-Y,30962477
CE-470/25PHT-Y,37249299
CE-470/35PHT-Y,33661790
CE-4700/25PHT-Y,32695571
CE2.2/50-SMDHT,41349855
CEB-33/100A,19182368
"CERAMICE 10W",38158917
"CERAMICE 1W",38159022
"CERAMICE 2W",38161452
"CERAMICE 5W",38161665
"CERAMICE 7W",38161878
"CERAMICE DIF VALORI",20403392
CEUF1000DA,35106675
CEUF1000FA,35106930
CF1/4W-1M1,34628358
CF1/4W-1M8,38168172
CF1/4W-330K,38169171
CF1/4W-3M6,38169324
CF1/4W-51K,38169453
CF1/4WS-3K,38169909
CF1WS-15R,37737681
CF1WS-1M,20630054
CF1WS-22R,20630105
CF1WS-680R,20630189
CF2WS-1K8,20691995
CF2WS-470R,38171664
CFT068,19182824
CG9S,19448912
CGU12061.5PF,19183031
CGU120615PF,19183043
CGU120618PF,19183064
CGU12061PF,19183091
CH23-1220,20904209
CK06BX224K,19183151
"CKUF000,47I",19183247
CL05B104K05NNNC,19183304
CL05B221KB5NNNC,19183343
CL10A105KP8NNNC,19183379
CL10A475KP8NNNC,19183436
CL10B104KB8NNNC,35112996
CL10B152KB8NNNC,19183487
CL10C102JB8NNNC,19183520
CL10C221JB8NNNC,19183577
CL159709,36510681
CL159719,36510810
CL21A106KAYNNNG,19183601
CL21A226MAYNNNE,35114586
CL21B102KBANNNC,19183640
CL21B224KBFNNNF,19183712
CL21B473KBCNNNC,19184183
CL21C010BBAANNC,19184252
CL21C1R2BBAANNC,19184324
CL21C1R8BBANNNC,19184693
CL21C200JBANNNC,19184753
CL21C270JBANNNC,19184765
CL21C271JBANNNC,19184786
CL21C391JBANNNC,19185128
CL21C3R9BBAANNC,19185149
CL21C3R9CBANNNC,19185185
CL31A106KQHNNNE,19185233
CL31A226KQHNNNE,19185326
CL31A475KPHNNNE,35235348
CL31B153KBCNNNC,35235624
CL31B222KBCNNNC,19185566
CL31B334KACNNNC,19185620
CL31C010CBCANNC,19185752
CL31C121JBCNNNC,19185791
CL807,37498413
CLL032-1212A5503M1,37043538
CLU048-1212C50AL7F,37044018
CLW-0606-W2E-ER,20936282
CLW-1505-W2E-EBC,39993456
CLW-2412-W2E-EB,20936396
CM-27/S,19185857
CM-330,19185887
CM96RW,35862972
CMM472-2,42275172
CN55AK,19666646
COIL1016-0.56,33312770
CP-Z-47/J,19667057
CP1027U,19665731
CP30207NX,31085627
CQ215,20904680
CR-VN,49288170
CR0402K056-1,38172042
CR0603E012-1,38172309
CR0603K001-1,38173407
CR0603K001.6-1,38172921
CR0603K003.6-1,38173590
CR0603K006.8-1,38173776
CR0603K022-1,38173980
CR0603K043-1,38174124
CR0603K150-1,38174286
CR0603K470-1,38174571
CR0603M001,38174739
CR0805E008.2,38175351
CR0805E015-1,53424246
CR0805E120-1,38175471
CR0805E180,38175567
CR0805E390,38175741
CR0805E470-1,38175849
CR0805E560,38175951
CR0805E820-1,38176155
CR0805K001.2-1,38176278
CR0805K001.5-1,38176401
CR0805K005.6,38176971
CR0805K008.2,38177055
CR0805K015,38178495
CR0805K015-1,20730374
CR0805K027-1,38179575
CR0805K036,38179704
CR0805K047,38180409
CR0805K047-1,20614421
CR0805K062,20614466
CR0805K180,20614532
CR1206E000,25726268
CR1206E010-1,18211841
CR1206E022-1,54121851
CR1206E750,20614778
CR1206K001-1,19314425
CR1206K002.2-1,20614862
CR1206K002.7,20614913
CR1206K003.3-1,19314452
CR1206K004.7-1,20615015
CR1206K005.6,20616761
CR1206K027-1,18731687
CR1206K047-1,20619038
CR1206K100-1,31999052
CR1206K220-1,20619194
CR1206K240-1,20731730
CR1206K470-1,38267025
CR1206K680,20619554
CR1206K680-1,32487647
CR1206M001.2-1,20619599
CRCLBL-02,43350279
CRCLBL-03,38647107
CRCLBL-06,31223471
CRCLRE-06,31224818
CRCLRE-07,19450484
CRCW060322KOFKTABC,20619635
CRCW060347ROFKTABC,20619707
CRCW0603560RFKTABC,20619746
CRCW06036K80FKTABC,20619785
CRCW0805100MJPEAHR,39454053
CRCW0805120KJNTA,20732120
CRCW0805121KFKTA,20732192
CRCW0805158KFKTA,20620778
CRCW080518K0FKTA,20697359
CRCW0805221KFKTABC,20697494
CRCW0805360RFKTABC,20698574
CRCW0805510RFKTABC,20699372
CRCW08056R80JNTABC,20699909
CRCW080582K0FKTA,20700326
CRCW1206249KFKTA,20700866
CRCW1206301RFKTABC,20701319
CRCW120646K4FKTABC,20701706
CRL10W-5R1,20703029
CRL5W-150K,20704121
CRL5W-22K,46572638
CRL5W-22R,21744582
CRL5W-270R,33441782
CRL5W-3K,20704310
CRL5W-5K6,46572590
CS-042,19450622
"CSA 2MHZ",38059092
CSMD68N1206,19186292
CST12.00MTW,38059746
CST8.00MTW,38060133
CT10073-12,35239173
CT100UF16V,35275005
CTUF047F,19188977
CU0010,34730526
CU302-018-PB,33775983
CUCSPJ1STAR4LT,37647147
CV820PFN-5,19189139
CVNF001.5-2.5,19189253
CVNF010K0603,19189328
CVNF068K12X,19189457
CVNF100K0805,19189898
CVNF2.2K0402,19190003
CVNF3.3K0603,19190126
CVNF3.3K12X,19193339
CVNF330K0805,19193420
CVNF4.7K0402,19193459
CVNF470K12X-25,19193489
CVNF470K12X-50,19193519
CVNF470K18X,19193555
CVUF001K0805,19193582
CVUF001K12X,35278455
CVUF001K12X-50,19193663
CVUF002.2K0603Y,35278860
CVUF022K0805-6.3,19193792
CW1008-220,33313340
"CY1V 1N",19193885
CY1V-1N5,19193921
CY1V-2N2,19193960
CYG-PET-12-BK/BOX,42533649
CYG-PET-6-BK/BOX,17960099
D-LAB-S,36873594
D-ST2.5,35934009
D03A,38134776
D100N2000,37028094
D10N10,33849321
D10N10R,33849441
D1213A-02SOL-7,37693917
D16A-BK-1L,19450727
D16A-SE-2G-PG16,35934387
D16B-BK-2L,19451255
D16B-SE-4G-PG21,19451351
D24B-BK-2L,19451429
D24B-SE-4G-PG21,19451465
D25N16,41686833
D25N16R,41688117
D2F-01,34868970
D2N12-960,38151114
D2N24-2880,38151351
D3066,38151744
D45H11,49936515
D50N16,41688525
D50N16R,41688594
D6B-SE-2G-M20,31350407
D6L90F1LFS,19003448
D6R-B,19003619
D6R-R,19003661
DA56-11SRWA,18617753
DAT2-MOD,35935878
DAT2K-SW,35936172
DB15-SS,19452068
DB25-SS,19452089
DB3-DIO,37029720
DC-102,20904770
DC.CAB.1400.0150,33779508
DC.CAB.1800.0150,33780111
DC1WDIL5/12-12,20937257
DE-006-MS,31392197
DE1207-220,33313943
DER0705-1,33314213
DER0705-82,33380015
DEV-ABST-1.75-TRA,33781332
DF15PP-HD,19452194
DF25LL,33761352
DF25PP,19453208
DG212V-THR-3.5-02P,19481354
DG240W2.54-2P15,19481420
DG300-5.0-02P13,33856125
DG300-5.0-03P13,35938275
DG300-5.0-2P12,37743492
DG300-5.0-3P11,35938500
DG308-2.54-02P,19481759
DG308-2.54-03P,45761423
DG381-3.5-02P-14,31453556
DG381-3.5-03P-14,31439705
DG381-3.5-2P11,36301380
DG381-3.5-3P11,35939124
DG381-3.5-3P12,35939280
DG381-3.81-2P11,35939589
DG529CWN,34331481
DG78H-A-02P-13,19481981
DHP8-15M,19482026
DHP8-37F,19482083
"DI 800-3000",36781182
DIL06PZF,20905004
DIL08PZF,37139643
DIL18EMF,20905736
DIL32EMF,20906786
DIL40PZF,20906858
DJNR6028-1R5-S,33380129
DK-1617-010,48149154
DKG15D-SW,35972298
DKG15P-SW,19484252
DKG21P-GR,19484372
DKM15DP-SW,19484171
DKM21DP-RT,19502249
DL1206-2.7,33380222
DL16-1,33380297
DL1812-1.8,33440897
DL1812-150,33441053
DL1812-330,33441182
DL4N-47,33441374
DL50-33,33688664
DLG-1005-331,33688976
DM-902,37311342
DMG6601LVT-7,38610846
DMR15F-HD,19502384
DP200A2123XBT,33950313
DP200A2123XST,38745171
"DR M 2P 255 FM",53501244
DR-60-15,20937365
DR10K-8/9,38272701
DR1M-8/9,38272836
DR3810/5.2X28,19502651
DR3812/8.2X60,35972874
DR384/2.2X10,35972991
DR386/3.4X5,31455212
DR4.7K-6/7,38272992
DR4.7K-8/9,38273115
DR4.7K-9/10,38273295
DRE10/2.5,19194149
DRE5/2.5,19194191
DRL-01,19502780
DS09P,19502846
DS1002-01-1X04R13,43093746
DS1002-01-1X04V13,20906993
DS1002-01-1X36V13,20907032
DS1002-01-1X60V13,39233850
DS1002-01-2X20R13,20907110
DS1016-20MASIBB,19502951
DS1017-14MA2,35973732
DS1017-34MA2,19503197
DS1018-02-14B2,35974116
DS1023-05-1X8B81,20907242
DS1065-07-1X5S8BV,30054146
DS1082-02-9M8LNDS,37694103
DS1110-06-05LYP,19503266
DS1110-07-19LYP,20908076
DS1110-08-05LYP,32940506
DS1110-08-07LYP,36598428
DS1337S+,34332099
DS1388Z-5+,34332240
DS1678S+,34332420
DS1990A-F5+,33857253
DS25L,19503395
DS26C32ATM/NOPB,34332990
DS2D6BQ2,19004378
DS3102A10SL-4P,19503554
DS3106A14S-2P,19503623
DS3695N/NOPB,34333980
DS8922AM/NOPB,34334379
DSA50C100HB,35404677
DSC-009,34355322
DSC-015,33668864
DSC-037,37645500
DSC-109,32484155
DSC-115,19504511
DSC-150,19504589
DSC-237,19504994
DSC-415,32708171
DSC-426,19505189
DSC-515,19505255
DSC-526,19505315
DSEI25-06A,51862917
DSEP15-06A,51862983
DSEP30-12A,51785736
DTS61N,34870134
DYMO.1983172,37650501
DZ20,37030203
DZ22,37030380
DZ3V9,37030590
DZ4V3,37030776
EAH102E,19046153
EAH106E,19046285
EB21A-02-C,19505381
EB21A-03-D,19505441
EBQA-03-D-C,19505645
EC20A1824401,33267317
ECA0JM332,19194242
ECS-120-8-33-JGN,38061312
ECW-PCB,20908148
ED1J101MNN0816,36877398
ED1J102MNN1636,41456760
ED1J681MNN1204,19194464
EE24C32N,34334655
EE93C86M-SMD,34334904
EEAGA1A470,47496813
EEE2AA220UP,19205561
EEEFK1V331P,19205606
EEUEB1J4R7SB,45065180
EEUFC1E470,19205648
EEUFC1V151,35290278
EEUFC2A331,19205750
EEUFM1C332L,52351917
EEUFR1C221B,34195239
EEUFR1E102,19205789
EEUFR1E221,34431660
EEUFR1E332B,19205816
EEUFR1E681,31706798
EL103SYGD/S53,37046784
EL125K/NC/500,39446562
EL583UYD/S53,39665328
EL95-21SYGC/S537,37047063
ELF512SURWA/S53,18618038
ELRA2A0310,49298652
EM516,37031196
EP2-3N1ST,38152065
ERA3AEB1333V,38273673
ERA3AEB302V,38273862
ERJ2GEJ104X,38274204
ESB22B112101Z,19505804
ESD-R-25SH,49296375
ESKA522511,41673255
EUC-150S140DVA,20956466
EWH1JM332O40OT,39961665
F0500WR-S-06PT,19516238
F0500WR-S-08PT,19516289
F0500WR-S-30PT,19516325
F09301,20908769
F09320,20908886
F09364,20924399
F1026MO,33965352
F3451-60G,38152197
F53-DS9093A,20924558
F5532-12,38152650
F9414,20924702
F95913,20924918
FAN7383MX,34335102
FB-08,38745294
FC-010,19516364
FC-028,19516385
FC6155,19516412
FCI-65240-003,19516562
FDP083N15A-F102,38611011
FDPF5N50UT,35502378
FDW254P,38611350
FES8JT-E3/45,32485472
FG-08,38745693
FG-12,21215279
FG-17B,34741914
FGH0V474ZF,19213997
FGH60N60SMD,42701274
"FIRE DUPONT MAMA - TATA 20CM",46387424
"FIRE DUPONT TATA - TATA 20CM",46387442
"FIRE DUPONT TATA - TATA 30CM",53216667
"FIRE DUPONT TATA-TATA 10CM",31974206
FIX-3-2,41583168
FIX-CRLCBSR-12.7,36070116
FIX-GR-5,33781932
FIX-HP2-4,36070449
FIX-HP2-9,36070701
FIX-HP4-10,36070899
FIX-LED5-11,31090037
FIX-MADA-16,36071157
FIX-MHE-11,37344546
FIX-RF8-2.6A,36071364
FIX-S-4.8X160/BK,37348428
FIX-TP2.5-14,19516643
FIX-TP2.5-5,19519424
FIX-TP2.5-6,19519490
FKP1-100N/630,19214402
FKP1-2.2N/2000,19214441
FKP1-220P/2000,19214477
"FKP2 680P/100",19214516
FKP2-3.3N/63,19214564
FKP2C014701D00KSSD,30747923
FKS2-1.5N/250,19214777
"FLUDOR0.5MM 100GR",37349535
"FLUDOR0.5MM 250G",36706986
"FLUDOR0.8MM 100G",36707220
"FLUDOR0.8MM 250G",33856821
"FLUDOR1MM 100GR",31226177
"FLUDOR1MM 10G",49288290
"FLUDOR1MM 1KG",36277425
"FLUDOR1MM 250G",33384842
"FLUDOR1MM 500G",36707847
FM-09,38746287
FME-005,19519691
FME-013,19519832
FME/F-SMA/M,19519907
FME/M-SMA/F,19520018
FN9222B-6-06,37341030
FPC-5004E-SOL/100,48149214
"FPK 30018",36785088
FR3M,37031466
FRS1B24,38153148
FS1938AC-RT,30609824
FS3D,37031964
FS4C0,20925071
FSA-10A,23537897
FSA-6.3A,36170895
FSBF00.5,32682677
FSBF02,46660626
FSBF02.5,41920698
FSBF04,52419747
FSBF08,32682716
FSDM1265,34335297
FSDM1265BWDTU,34335780
FSF00.2,20871632
FSF00.25,46660713
FSF00.5,43709409
FSF01,18450938
FSF02.0,38063022
FSF03.15,48497880
FSF10,31658081
FSL306LRN,34336212
FT2232D,34336350
FTR-B4GA012Z-B05,38153304
FTR-F3AA012E,38153472
FTR-F3AA024E,40154361
FYL-3014GD1A,37047348
FYL-3014SRT1A,37048032
FYL-5013YD1C,34638918
G-20/200,32717258
G-22/200,33687095
G0310,41261901
G2R-1-E-24DC,38154084
G2R-1A-24DC,31670618
G2R1-12A,38154822
G2RL-2-24DC,41657319
G33-S,51295461
G403,19668089
G434,36785514
G5LE-1-24,33403580
G5LE-1-E-5,38155128
G5LE-1A-48,32990042
G5Q-14-EU-24DC,43565718
G5RL-U1-E-6DC,38155377
G5V2-12,44283462
G6RN-1-12,32628089
G6RN-1-24,32321141
GBI15M-DIO,35044857
GBPC3510-YAN,33434024
GBR-380/3-80W,38274894
GBU4J-DIO,38050467
GC6M-15X16,36287265
GC6M-20X16,36093255
GC6M-31X17,19520447
GF100/35,32658569
GOLD-14P,20899025
GOLD-16P,19086248
GOLD-18P,38570028
GOLD-20P,37647714
GOLD-24P-W,20925401
GOLD-28P,20925449
GOLD-28P-W,20926007
GOLD-40P,20926076
GOLD-8P-SMD,34647648
GP1-6.35-22X24,37582884
GP2Y0D810Z0F,20850812
GPA-M32-B,36094134
GRM1885C1H101FA0,19215452
GRM188R61E225KA12J,42514626
GRM188R72E221KW07D,19215539
GRM32ER71A476ME15L,19215677
GRT188R61C106KE13J,20334128
GSM-ANT015KZW-SMA,30592172
GT1000/6.3,19215737
GTI3000-6/2-BL,33782142
GU-SS-112DFS,38155869
GU-SS-124DF,38157360
H2171-01,40151520
H30E-1YD,37050111
H7EC-NV,30610574
HB5-132,37050375
HC49US-FF3F14.7456,38061675
HC49US-FF3F27.0000,38061882
HC49US-FF3F4.0000,38062050
HCNR201-300E,37561740
HCPL-4503-000E,37561983
HDR-30-5,39996018
HE2W157M25030HC,37645092
HEF40174BT,18802817
HEF4094BT.653,21186353
HF115F/012-1ZS3B,33425615
HF115F/024-2ZS4AF,34964316
HF32FA-G/012-HSL1,52054422
HF33F/012-ZST,33863334
HF3FD/012-HTF,38158323
HFBR-4531Z,37446441
HIN232CPZ,18814100
HJ2C228M35040HA,53312982
HM-1550WQ,35041101
HM-1551GFLBK,30037592
HM-1551LBK,19668398
HM-1551SFLBK,19668509
HM1000-ND,36786138
HP-20,36094755
HP-25,36094911
HP03-330R5%,38275131
HP05-2K25%,38275290
HP05-470R1%,38275545
HP05-4K71%,38275749
HP05-6K81%,38276328
HP06-220K1%,38276643
HQ-WICK-S2,32907464
HQ-WICK-S3,33307403
HS-115,38134962
HSDL-5420-031,37051434
HSDL4420,37050918
HSE241,33783354
HSMD-C150,41591538
HTS-4-1105051-1,19521131
HUMMEL-1262320150,19521344
HUMMEL-1292200251,36100554
HUMMEL-1609160050,36100920
HUMMEL-1609161150,36102030
HUMMEL-1609320051,36102702
HUT4-C,36786222
HV1207,33783714
HVCC203Y6P221MEAX,32984456
I150V645K-B,35298984
IBF-DS9093A/BK,33857886
ICKPLCC28,38135124
ICKSMDC7SA,38135238
ICKSMDF8SA,38135505
ICM7555CD,18819038
ICVT-16P,39752397
ICVT-20P,20926289
ICVT-28P,20926391
ICVT-40P,20926649
ICVT-8P,36003888
IDV15E65D2XKSA1,42753351
IDW80C65D1XKSA1,41516388
IFX25001TFV50,18819095
IFX91041EJV50,18819170
IGW40N65F5FKSA1,20864147
IKW50N60DTPXKSA1,53312040
IL252,38614881
ILL16-24G,37467744
IMC1812M001,33689996
IMC1812U001,33690311
INA333AIDGKT,22804931
IND10P-12R-C,37468104
IND10P-230P-W,37474413
IND8-12R-B,37467534
IND8-24G-A,37463007
IND8-24R-B,37468317
IPA-0.5L,30519410
IPS075N03LG,38615523
IR2112PBF,38615931
IR2153PBF,35761374
IR21814PBF,18819284
IR2183SPBF,18822887
IRAMS10UP60B,19973411
IRDG003.3NF,19216256
IRE5,37051902
IRF2804PBF,50244921
IRF3205PBF,17819159
IRF540SPBF,22877453
IRF610PBF,30950873
IRF7103PBF,38619966
IRF7341PBF,38622411
IRF740PBF,23365097
IRF7456PBF,38625750
IRF9530NPBF,33268523
IRF9540NPBF,39243342
IRFB7440PBF,50244870
IRFD420PBF,38637354
IRFI640GPBF,38642433
IRFL9014PBF,38643819
IRFP240PBF,38647440
IRFP90N20DPBF,52839255
IRFR120NTRPBF,23953844
IRFR5305TRLPBF,33674138
IRFR9024NTRPBF,34632525
IRFS3006-7PBF,38648604
IRFZ24NPBF,37333749
IRFZ48NPBF,19964345
IRG4PC40WPBF,38648793
IRGS30B60KPBF,38648898
IRL3705NPBF,38649042
IRLML6246TRPBF,20590247
IRLML6344TRPBF,38303748
IRLR3114ZPBF,38649261
IRLR3705ZTRPBF,38762265
IRLU3636PBF,38650707
IRLZ44PBF,22962914
IRS21850SPBF,18822944
IRS5,37052316
IS64WV6416BLL-15TLA3,47720238
ISO7379-10-M8-35,36103890
IXFA4N100P,38651049
IXTP76P10T,38651493
JC-005,19522313
JCNEF16,32939654
JCNEM24,32939912
"JOYROOM MICRO USB",33789957
JRG-220U/10,19216544
JRG-820U/6.3,19216613
JS-18-K,38158515
JUMP-OFSW,36105207
"JUMPER AMP",36115128
JUMPER-2.0/B,19527650
JUMPER-BL,31433012
JUMPER-H/B,31433294
JUMPER-H/R,19527854
JUMPER-R,31433126
JUMPER-R-Z,34968783
JUMPER-W,19528001
JUMPER-Y,31433396
JV-12S-KT,31709621
JV-24S-KT,32296973
JVR05N180K,38677011
JVR07N391K,38688813
JYC3D681KBB075000B,48953667
"K0805 0.01UF X7R 50V",19216673
K155IR1(CDB495),18823232
K164NK047,32879402
K580VV55,18823292
K87MBR-B6DWHI,35793084
KA-3528MGS,37052817
KA5L0380RYDTU,18823430
KALAFONIA-20,34561764
KAP-220G,41440188
KBPC10/15/2510FP,37175811
KBPC5010-YAN,32683628
KDF10,37446552
KDF4,36122655
KENF001-500V,32693993
KENF003.3-500V,19216805
KEPF001,19216949
KEPF001.5,19216979
KEPF002.2,19217006
KEPF033-500V,19217066
KEPF056,19217105
KEW1009,30630680
KEYS3557-2,20926739
KEYS941,19307216
KK40025C,19528586
KL-35-L-100,46468343
KM-178BKTRC,39754338
KM-2/BK,19668782
KM-30,19668881
KM-57A/J,19669325
KM-NOGA,36163971
KM1/450,37167483
KM100/16,34195059
KM100/450,21773149
KM220/35,50247888
KM2200/10,19218179
KM2200/6.3,19218266
KMR231GLFS,47576868
KNP03WS-100R,38276901
KNP05WS-100R,38277651
KNP05WS-1R,38278017
KNP05WS-1R2,38277843
KNP05WS-1R3,38278185
KNP05WS-1R5,38278383
KNP05WS-1R8,37493169
KNP05WS-220R,38278536
KNP05WS-22R,34644795
KNP08WS-270R,38279235
KNP08WS-2R4,38280321
KNPA1W-510R,38284881
KP-3216P3C,37055373
KPL-3015SURCK,37056060
KR-5R5V334-R,31943039
KS-32,41322132
KS-38,19046816
KSA992FBTA,30746627
KSC1008YBU,38652138
KSC1845FTA,30904415
KSC241GLFS,54070383
KSS213C,37485492
KTIR0911S,20850986
KUN30RT,19529171
KUN30SW,19529258
KVT-001M5,36175686
KW4-361ASA,18618167
L-115WSURKCGKC,37058343
L-483YDT,37058667
L-503YDT,37058961
L-57EGW,37059432
L-7113IT,32326352
L-932P3BT,37060533
L-934SRC/C,37060746
L16-28/24,37468986
L6203,23135081
L6561D,18838283
L702B,18838358
L7805CDT-TR,18838838
L7805CV,18838964
L7812CV,22058530
L7815CV,33044138
L7818CV,18839165
L7824CD2T,18839297
L7824CV,43350843
L78L05ABZ,18839348
L78L09ABZ,34356273
L78L12ABZ,34358886
L78M09CDT,41292963
L78S12CV,34359315
L7915CV,33858336
L79L12ACZ,34359558
LA006-006A83DY,37504116
LA4628,34359741
LAMP-BA7S/24V,37469766
LAMP-C2506,37471437
LAMP-E10/24/50,37471764
LAMP-EK/24/100,37472229
LAMP-EK/24/50,37473474
LAMP-ML1819,37473744
LBC3225T100KR,32723555
LC60-0.70/0.25,37352838
LCQT-TSSOP16,35603247
LCW-JDSI.PC-BIN010,37062546
LDE100NF-100,19218434
LDN-12F,38159649
LED-E27/WWH,41731497
LED-E27/YL,37481244
LEG-12F,31558043
LEG-24,32718032
LF50CDT,34359975
LF90CPT-TR,34360923
LFT120FI30,38746371
LFTH500,37481988
LG-BA15D-24AC/DC,37481478
LHB-04-SA1,20926952
LIS2DE12TR,37489119
LKS12-24-R,33756627
LKS220-G,34438914
LKS220-R,34438674
LL-304BC2E-009,31557698
LL-304GD1X-1A,37062978
LL-304PDD2E,37063416
LL-304PTC4B-1AD,37063704
LL-304SD1X-1S,37063905
LL-304VC4B-V1-2BD,19608806
LL-504BC2Q-B4-2B,21464193
LL-504WC2V-W2-3PD,36592482
LL-504WC2V-W6-3PD,36592278
LL-509RGBM2E-002,40008270
LL4148,37616562
LM1-5D,37717536
LM19CIZ/NOPB,20851067
LM1H-12D,38161269
LM25037MT/NOPB,34361580
LM2575N-5,18841094
LM2576HVR-ADJ-TT,33230441
LM2576S-ADJ/NOPB,34361991
LM2576T-005G,34362372
LM2596S-3.3,34362519
LM2678T-5.0/NOPB,41294427
LM2678T-ADJ,34363074
LM2902D-ST,34363200
LM2931D,34363728
LM2940CT-15,34364208
LM317LM/NOPB,34365018
LM334Z,34374513
LM337T/NOPB,34374654
LM339AN/NOPB,34374858
LM3429MH/NOPB,34375035
LM348D,34375200
LM35DT/NOPB,37650711
LM35DZ/NOPB,40009185
LM385Z-1.2,34450581
LM386N-1/NOPB,43659687
LM4040DIZ-10.0NOPB,34377267
LM5118MH/NOPB,34425531
LM741CN/NOPB,34425585
LM7805-CDI,31555844
LM7805CT/NOPB,47271831
LMV358ID,34426059
LN-B9/230AC/G,37482225
LND3612CV,20957057
LNK364GN-TL,34451805
LNK364PN,33049562
LNK562DG-TL,34452627
LO-BA15D-24AC/DC,37482477
LOG-MP0002,33887358
LOG-MP0033,33753828
LP2950CZ-5,34452924
LPBL25RZ,19529435
LPSL25RZ,19529498
LPV16P3.2-PB,19529756
LPV34P3.2,36178083
LS-P47K-J1K2-1,37066092
LS01-1B66-PP-500W,33661307
LS02-1A66-PA-500W,33661151
LS05N,34453050
LS07D-SMD,34453137
LS137N,34453221
LS373N,34453356
LT1082CN8PBF,34453590
LT1176CN8PBF,34453722
LT1761ES5-2.8,34453938
LT1930ES5,34454088
LT3439EFEPBF,34454265
LT6004IMS8,34454442
LTA1000HR,37067256
LTL-42NGY8D,42515085
LTL911TBKS,37067520
LTO030F4R700JTE3,38285469
LTP537HR,18618266
LTST-S110KRKT,37067718
LTV-357T-D,37563432
LTV-814S,37563648
LTV-816,36172908
LTV-817-C,17693360
LTV-827,37564338
LTV-845,37564557
LTV354T-SMD,37568934
LTV825,37569171
LTV849,37569867
LTW-2835SZK40,45759218
LTW-42NDT5,49570776
LY-E10-24AC/DC,37482714
LY2N-D2-24DC,39462057
LZ31,35082636
M0.4W-1K1,38285910
M0.4W-430R,38286108
M0.6W-0R82,35230056
M0.6W-10M,38942937
M0.6W-39K,38292063
M0.6W-3K3,33937095
M0.6W-3K9,38292807
M0.6W-3R3,34562175
M0.6W-43K,38292939
M0.6W-4K99,31972271
M0.6W-510R,38293149
M0.6W-560R,38293332
M0.6W-620R,38293560
M0.6W-6K2,31887260
M0.6W-82R,38293860
M2113TCFW01,47798472
M3X5/D965,36178620
M4X10/D965B,36179061
M4X12/D965B,19529903
M4X20/D965B,36179502
M93C46-WMN6P,34454823
M93C56BN6,34458375
MAS80SNSW,31554446
MAX16833BAUE+,34458522
MAX191BCWG,34458702
MAX232N,34458981
MAX3232CPE+,34459392
MAX3485CPA+,34459647
MAX487CSA+,34459782
MAX542BCSD,34460472
MAX9719AETE+,34460694
MAX9814ETD+T,34461150
MB110,37570044
MB6M-E3,38052060
MBB02070C3309FCT00,41174928
MBI1BL,19529999
MBR1545CT,37176690
MBRF20200CT,25537874
MBRM120LT1G,37177287
MC001593,24023648
MC0603X684K160CT,19218539
MC14011BDR2G,34461315
MC1488,34461441
MC1489,34461573
MC33064P-5,34462020
MC34063ADR2G,34462281
MC34064D-005G,34462428
MC34074PG,34462602
MC34775,19530332
MC3635,34462947
MC5-10N,32638949
MC7.5-1N,35325393
MC74HC573ADWR2G,34463379
MC78L15ABDG,34464120
MC78L24ACPG,34464912
MCC-SD/2,19530419
MCC-SIM/2,19530509
MCC-SIM/4,19531061
MCCA000660,19218734
MCD56-08I08B,21034616
MCKNP03SJ068KA19,38294262
MCP1700T2502ETT,34465860
MCP1702T3002E/CB,34466115
MCP2200-I/SO,34466307
MCP23018-E/SP,34466484
MCP73114-ONSIMF,34466748
MCP73861-I/SL,34466994
MCPWR10FTEQ1001,38294796
MCWR06X47000FTL,38296263
MCX-02,19530797
MDA6TP,19530995
MDC-208,19531016
MEC0251V1-A99,35594211
MEC0252V1-A99,38746653
MEC0381V1-A99,35984061
MEC0381V1-G99,38747022
MEC1S09-19,37495392
MEDB-25789,37482921
MES50A-7P1J,20958629
MF-MSMF030-2,20872757
MF-R025,20872826
MF-R110,20872904
MF02SFF1002A,40644549
MF4020V1-A99-A,38747130
MF42-HF-08,36186117
MF42-SD-16,19531493
MFR-25FRF52-15R8,38296776
MFR-25FRF52-35K7,38297010
MFR-25FRF52-59R,38297157
MFR-25FTE52-250R,36634368
MFR-25FTE52-30K1,38297523
MFR-25FTE52-42R2,38298036
MFR-25FTE52-43R2,38298435
MFR-25FTE52-46R4,38298606
MFR-25FTE52-53K6,38298765
MHB8228,34468581
MIC322,32460380
MIC323,19548170
MIC326,19548191
MIC328,19548251
MIC333,35227047
MIC336,19548359
MIC342,19548452
MIC347,19548497
MIC4802YME,34468653
MINI72-45,19669496
MINIVAL-LP-30A,20873003
MJE340-CDI,38653410
"MK2K047-0,1",38299047
MKCV22,19548542
MKP10-100N/1.6K,32992439
MKP2D021001B00KSSD,30915989
MKS2-100N/63,34618179
MKS2-47N/400,19219136
MKS2N015K100-5,19219175
MKS4-100N/2000,43858794
MKS4-10N/2000,31430063
MKS4-220N/630,30980168
MKS4-4.7U/250,35354910
MM522,37495002
MMBT5401LT1G,25697531
MMBTH81,38657559
MMC4031,34468785
MMS-102-02-L-SV,20927210
MMS1052,37495179
MMSD701T1G,37177683
MMSZ12T1G,33854541
MMSZ5232BT1G,37178403
MMUN2113LT1G,38657628
MNL-M172159-1,19548575
MNL-M172167-1,19548593
MOC3012M,32902850
MOC3043M,37570467
MOD8G,19548656
MOF2WS-1K5,38299440
MOF2WS-2K2,38299557
MOF2WS-33K,38299701
MOF3WS-33K,22616113
MOF3WS-470R,20751257
MOF3WS-4K7,31972148
MOF5WS-10R,41915853
MOF5WS-150K,20753984
MOF5WS-15K,32990417
MOF5WS-22R,51786942
MOF5WS-2K2,20754104
MOF5WS-470K,20754152
MP0.6W-100R,24366260
MP005711,52052277
MP3394SGY-Z,34468998
MPEB-10U/100,19219439
MPEM-1.5N/100,19219559
MPSA44-DIO,23738081
MPSA92-DIO,38657739
MPXA6115AC6U,20851199
MPXH6400AC6U,34469484
MRS25000C4122FCT00,20754230
MS24256R20,37545735
MSL232GW,19548731
MSS-2235,34878186
MT2-C93419,34964877
MUR1100ERLG,37133823
MURD620CTG,37191591
MX-105017-1001,34068786
MX-1210230341,19548758
MX-19323-0015,19548800
MX-42021-06A,19548893
MX-43020-0401,36272391
MX-43030-0007,36272505
MX-50079-8000,19549130
MX-52207-2033,19549142
MX-5264-04,19549190
MX-5267-06A,19549295
MX-5268-02A,19549325
MX-5268-06A,19549616
MX-53048-0210,19549661
MX-54819-0572,20927306
MX-5559-04P,19549691
MX-5566-06A,19549739
MX-6410-03A,19549769
MX-6410-04A,19549793
MX-6442-08,19549967
MX-6471-041,19550006
MX-6471-051,19550060
MX-936000371,19550105
MX-936000401,19550246
MY2-12AC,38162052
MY202USSV-24AC,38162631
MY2N-D2-24DC,39458955
"MYF 0.75",33791049
MYRRA-44305,18695921
"MYUP2X0,75",33791523
N42,37494717
N42G-16,19550345
N42G-20,19550480
N42W-06,19550510
N7407N,34469577
NB-336,37546302
NB-STRIP08,37547064
NBNC75BTU11,36314973
NCDG-04,36318858
NCDW-04,36318969
NCDW-06,36319065
NCDW-08,36319167
NCP1207ADR2G,34470309
NDR-06,19550924
NDR-10,19550975
NDR-12,19551179
NDR-120-12,45828014
NDR-240-24,23573525
NE556DR,34518186
NF-002,19551425
NHD-240128WG-AFTI-VZ#C5,45504977
NI-1GN,36597828
NI-1YL,44906774
NI-2FGR-12V,37331874
NI-2GN,41441460
NI-2RD,23061509
NIPPEL-T0220,38135607
NJM4558L,34518390
NLCV32T-101K-EF,33692105
NS25-G10,19551677
NS25-G13,19551761
NS25-G2,36321513
NS25-G3,19551779
NS25-G4,18287123
NS25-G5,36321942
NS25-G6,36322074
NS25-G7,36322161
NS25-G8,36322299
NS25-T,44699886
NS25-W10K,36322440
NS25-W10P,19552112
NS25-W2K,19552160
NS25-W2P,36322800
NS25-W3K,19552169
NS25-W3P,19552205
NS25-W4K,19552229
NS25-W4P,19552247
NS25-W5K,19552280
NS25-W6K,19552352
NS25-W8K,34361241
NS25-W8P,36324633
NS39-G2,32001155
NS39-G3,36504651
NS39-G4,19554950
NS39-G5,19554962
NS39-T,19555022
NS39-W2K,32000516
NS39-W2P,19556912
NS39-W3K,19557017
NS39-W4P,19557155
NS39-W5P,19557176
NSG254-6,19557218
NSG396-8,19557308
NSG396M-5,19557371
NSG396M-6,19557410
NSK39-0,32001230
NSL25-8W,19558910
NSL254-5W,19558952
NSL254M-6W,19559015
NSL396-5G,19559078
NSL396-6G,19559093
NSR-01,19559534
NSR-03,19569035
NSR-06,19569059
NTCC-1K,31105673
NTCLG100E2103JB,34204671
NTCM-100K-B4250,37154229
NTE288,38666649
NTE295,23532011
NTE37,38666886
NTE4920,19845551
NTE4932,37202136
NTR-NAC3MPA1,19569083
NUCLEO-F303RE,40638459
NX1251-02PFS,19569125
NX1251-03SMS,37351689
NX1500-06SMR,20928026
NX2500-03SMS,20928143
NX2500-04SMS,20928494
NX2500-05SMS,20928599
NX2500-06SMS,20928707
NX2500-08SMS,20928761
OF-SMD1608B,37068225
OF-SMD2012B,30780218
OF-SMD4014NW,37069563
OF-STR5060RGB2,37069989
OIL-VAS/300,38940915
OK-2M,19569143
OKY3191,37542474
OKY3248-1,20851346
OKY3498-2,37503705
OP07CD-GURT,34518456
OP07DP,34518600
OPA606KP,34518696
OS103012MU2QP1,19047194
OSG80603C1E,37070832
OSR5PA5A34A-CR14,37072476
OSR5RU7BA1B,37133958
OSR5XAE3E1E,37134066
OSUB51B1S,37173507
P2000M-DIO,35500323
"P20VA230/2X21,5/11,5/6,5/40",21036047
P3282425K,37734348
P40VA500V/127V,21036104
P4KE15CA,37202604
P4SMA18CA,37202817
P4SMA33CA,37203057
P4SMA6.8A,37204125
P6KE12CA,37204278
P6KE15A-DIO,37204497
P6KE16CA,37204899
P6KE18CA,37205073
P6KE200CA-B-LF,37205340
P6KE20CA,37206246
P6KE33CA,37236789
P6KE350A,37236888
P6KE39CA,37236978
P6KE400CA,37237101
P6SMB18A,37237188
P6SMB200A,37237257
P6SMB200CA,32695736
P6SMB20A-LF,37237458
P6SMB39CA,37237581
P76PF21805050J,35370762
P89C58UBAA,34518822
PASTA-SILH-25.,37811628
PASTA-SILN-T3.5,42599982
PB61302BL-1-101,34878714
PB61302BL-3-103,34879440
PB61302BL-3-104,34879836
PB6135FBL-1,19047245
PB6135FBL-3,19047611
PB6142FL-13,19047683
PC-116,16293800
PC-184-VDE,33792501
PC-2.1-TB,19571153
PC-2.1/5.5-14,32296487
PC-2.1/5.5K,32941073
PC-2.5/5.5-14,47169570
PC-2.5/5.5K,32940839
PC-GP2.1-TB,31559912
PC16MSK100,37734801
PC1V18705,36583509
PCA-6-LA-40-HL-3,36629946
PCA9536D,34518924
PCB-CLEANER-W-1L,37573278
PCF0603R-332KBT1,20754419
PCF8574AP,34519026
PCF8574P,34519125
PCF8576CT-SMD,34519236
PCF8591P,34519317
PCH-124D2H.000,38162973
PCM12SMTR,34730154
PCM1710U,34520133
PDIUSBD12PW,34526349
PDS3100-13-83,37252845
PDTA143ZT,38669259
PDZ5.1B.115,37253127
PE.4031,19572395
PENSOL-IRONE-N,41270673
PENSOL-SL30E-N,18023324
PENSOL-SR965B,30520067
PF1V330MNN0511U,41456088
PF2A101MNN1020,46666143
PF2A102MNN1836,52539159
PF2A221MNN1225,46665660
PF2A471MNN1632,32903090
PF2A4R7MPN0511U,19245059
PF2D331MNN1832,19245101
PF2G220MNN1225,30975599
PF2W100MNN1220,41455944
PFL20,19573595
PFL40Z,36635334
PFL50Z,19574270
PG-T073,37574493
PG2W101MND2531,38617086
PGM5506-MP,32701844
PH1-40-UA-SMT-A,36635838
PI-50BE/3R,31660301
PIC16C58B-20/P,34526616
PIC16C622A-04/P,34526781
PIC16F628A-I/P,34568685
PIC16F77-I/L,34569069
PIC16F84A-20/SO,34569387
PIC16F873-20/SO,34569729
PIC16F873A-I/SP,34570845
PIC16F874A-I/P,34571055
PIC16F876-20/SO,34571259
PIC18F26K80-I/SS,34571643
PIC18F458-I/L,34571802
PIC30F6010A-30I,18923651
PIC32MX795F512H,34620087
PITB-Z207A,20956628
PJ224M5-B,36636384
PJ224M5-R,19574972
PJ3230-B,20901008
PJ3230-R,20901068
PJ3230-Y,20901137
PK2W471MND3545,30969077
PL.TOR140X150,45827747
PL16,37253334
PL20Z,37253580
PL39,37253793
PLCC-44-SMD,20928947
PLP2-250,33888183
PM3490002-A05,36636816
PMR1T-13K,41863317
PMR1T-5K1,20754848
PMR3S-1K5,20755052
PMR3S-27K,22443550
PMR3S-680R,20755109
PMV33UPE,38677581
POLOLU-1117,37542978
POLOLU-4030,21639464
POS12100A,20958683
POSC12150A-H-CN,47511369
POSC12200A,32638781
POSC12200A-CN,47511468
POT2218P-5K,44095113
POT2218PS-10K,33966813
POT2218PS-5K,37735812
POT4W-5K,44908295
PP22SW,19669544
PP40SW,19669595
PP6U-10M,33872763
PP72N,19669649
PPOM-14,32622578
PR02-2K7,20755208
PR167-1M-A,38035695
PR246-220K-A-P1,38036307
PRP185-2K2-A,42534240
PRTR5VOU2AX,37254720
PRUEF2600C2RT,20126858
PRWC7WJW330B00,25150448
PRZELBL1X3,42603237
PS10BBU,34881108
PS10C2BK,34883109
PS11ABU,34883691
PS11BBK,34885488
PS11BBU,34885974
PS11BGN,34885872
PS11BRD,34886103
PS11BYL,19049132
PS1201,38657889
PS12ABK,34887147
PS516,19050299
PSD24H0AZBX-A,38747499
PSG01492.,47793300
PSL14,19575194
PSL50,19575233
PSU14530A,19263386
PSUP-SSP-12V1000MA-WL,35773875
PT-2100H/PT,30871382
PT-A1-FC-5-BE-940,32305505
PT10LV-100R,38036472
PT15NV-5K,38036955
PT6VE500,38037270
PTS526SM15SMTR2,34888026
PV02-3.81-V-P,19575422
PV03-3.5-H-P,19577897
PV03-3.5-V-P,19579727
PV03-5.08-H,19580774
PV03-5.08-V-P,19580807
PV04-3.5-H-P,19580840
PV05-5.08-H-P,19580894
PV05-5.08-V-P,19580915
PV06-3.5-V-P,31219670
PV08-5.08-V-P,41554071
PV10-3.5-V-P,30790856
PVA10AH11.2NV2,19050440
"PVC 20MX19MM-0.15MM",31068809
PW-S-BOX416,41622399
PX0415/1,19581032
PX0739/P,19581107
PX3AG1BS008BAAAX,20851460
PYF08A-N,22412200
QDC2WSIL5/15-15,20958887
QM010.240,38062239
QM014.318,38062698
QM048,38063001
QMIM003.276,38063691
QMIM006,20233337
QMIM010,38064930
QMIM010.245,38065359
QMIM020,33795345
QO20.00-3,38065809
QO32.00R,38066862
QVB3,36674946
R-10/200,35214582
R-11/200,18397832
R1-1A1200,38163345
R1-22-B,19581284
R1-22-R,19581320
R10/200,38561439
R13-112B-02-BG,19051178
R13-29B-07,35919603
R13-8B-06,19051259
R13112A02BB2,31666703
R13112B02BR2N2,30951554
R13244A02,19094696
R13244B02G,34889148
R13244B02R,34889373
R16148-1A-1-A50K,38038503
R16148-1A-1-B100K,51294429
R16148-1A-2-A22K,38039112
R16148-1A-2-A50K,32617349
R16148-1A-2-A5K,38387556
R16148-1B-1-B1K,35982549
R16148-1B-1-B50K,38040114
R16148-1B-2-A220K,38040345
R413F1330DQM1M,30784271
R46KI322000M2K,39129087
R46KI368040P1M,34969260
R60MF2220AA6AK,19264271
R71VI368050H6K,47794140
R76QN282050H3J,34210746
R76UN22204040J,19264502
R8-C107-B,19581479
R8-C107-R,19581533
R80W-220R,20755445
R82DC4100AA60K,19264940
R82DC4100DQ60J,47271918
R82EC2220DQ50K,19264991
R82EC4100AA70J,19265165
RAD-811-5,33039692
RAM-40.187.4,19669985
RB110-30,20873120
RBK-ILS125NR20-0-50,33876120
RBK-WWS125NR2-X-50,33876912
RBR2VWM40ATFTR,37257159
RC0603JR-07220K,38332530
RC0603JR-0722ML,20755664
RC0603JR-07620K,20755790
RC0805FR-07102KL,20755853
RC0805FR-0712K,20755913
RC0805FR-07150R,32467160
RC0805JR-071K6,20756273
RC1206FR-07240K,20756336
RC1206FR-07374RL,20756390
RC1206FR-073K4L,20756480
RC1206FR-073K74L,20756567
RC1206FR-07953KL,20756696
RC170-RT,35416662
RC170-SW,19581818
RC1E476M6L006VR,41424945
RC1V226M6L005VR,35408238
RC1V227M10010VR,19266665
RC20M12K,19581914
RC2512FK-0747R,41872467
RC2512JK-070R,20756840
"RCG10504,7M",20758694
RCH1-19/9.5X1YE,33877128
RD-125-1224,33300500
RD1A108M1012MBB,35409165
RD1A338M12020BB,19266872
RD1C476M05011BB,31706354
RD1C477M0811MBB,35410443
RD1J227M10016BB,36513687
RD1J476M6L011BB,50247927
RD1V108M12020BB,32898743
RD1V227M0811MBB,19267304
RD1V337M1012MBB,19267370
RD1V476M05011BB,33014381
RD2G225M0811MBB,35232225
RD2G226M12025BB,35412174
RD2G475M1012MBB,32627921
RF-W27QI35DS-EF-N,42514242
RFD14N05L,38699130
RFS-2A,37334538
RFT-0.2A,20873216
RFT-1A,24043910
RFT-2A,33275297
RFT-4A,24043940
RI-423.09.04,19582040
RI-CRLCBSR-8-01,36678027
RI-RRH6-2-15,33692561
RJ12GPCB-M,19582163
RJ45GP,19582394
RJ45W,37649664
RJ45WE-CAT6U,36679656
RJ45WED,51785532
RK14K12B0A0R,38041659
RK73B2BTTD202J,20758862
RKBE002.2G,31658396
RKBE015G,20758937
RKBE120G,44622309
"RKBK008,2G",20759432
RKBK011G,20760158
"RKBM002,7G",20760413
"RKBM003,3G",20760506
RKBM010G,28554428
"RKMV 8-354/2M",32262725
RM32N302185S012,38163822
RM85-2021-35-1005,43094256
RMBB207E012,38656677
RMO1WE560,20760539
"RMO3K004,7",20760653
RMOE180,20760785
RN-112A,32011220
RN-114A,19584635
RN-UFL-SMA6,19585247
RN09PE330,20760866
RN09PE470,20760965
"RN09PK003,3",20761034
RN65D1002FB14,20761109
RNPG-16,36682275
ROX05SJ11K,45628466
ROX3SJ560R,20761169
RP73PF2A13KBTDF,20761238
RPI4-MODBP-8GB,36055035
RPM302511K,20761322
"RPM30256,8K",20761526
RPM30256.2K,20761460
"RPM30257,5K",20761619
RPM3050150K,20761694
RPM3050392R,20761790
RPS105024K,20761850
"RPS10504,7M",20761967
RPS202518R,20762021
RS1333ABB2,34889592
RS1366W,19095647
RSC09,34743738
RSD42H2203,33692990
RSD42H2205,33693503
RSD42V2503,33693695
RSD42V3220,33694193
RSI1013C3RD,34901493
RSM103A2C0BK,43098369
RSM1232C0BK,19096178
RSN-BX-100-TPY,35998146
RSY-24,38164158
RT0603DRE072KL,20165036
RT114012,43790652
RT314012,38165805
RT314024,38164443
RT424012,34068990
RT424024,37329501
RT424730,39352629
RTC4543SAA,34620252
S1D13781F00A100,34620468
S202-B6,44697441
S202-C20,30896969
S22L,19096253
S2B-XH-A-1,20929082
S3J-DIO,37258203
S602TSRP,32682152
"SAC-8P-1.5-PUR/M 8FS",32019569
SB5100-DIO,33277592
SC1148,36620775
SC1C226M04005VR,35417319
SC1C477M08010VR,19267817
SC1V476M6L006VR,31701605
SCAPA-2702-19/20BK,31068920
SD1C109M1631MBB,35419110
SD1J225M05011BB,45065075
SD1J474M05011BB,32901635
SD2A477M16025BB,35419689
SD2G336M16025BB,19268123
SDA02H1SBDR,38042466
SDR03EZPD1200,38412918
SDR03EZPD1241,20118059
SEM4-P,20929217
SEN0378,20863049
SF214R0,34237464
SF23080A2083HSL,38144028
SF23092A2092HBL,38745213
SFE10.7MHZ,38103171
SH05-5.08,19589429
SI3421DV-T1-GE3,18988433
SI4459ADY-T1-GE3,23975546
SI8244BB-D-IS1,34621398
SI9407BDY-E3,20634770
SIL01PZF,19589537
SIM300,37529481
SIM300/340-C,37529670
SIOV-S05K11,38701863
SIOV-S07K17,38702448
SIOV-S07K420,37693785
SIOV-S10K20,38702973
SIOV-S10K40,38532318
SIOV-S10K75,21021299
SIOV-S14K17,38704575
SIOV-S14K460,38705202
SIOV-S14K50,35231253
SIOV-S14K60,41954157
SIOV-S20K150,50245788
SIOV-S20K230,50245935
SIOV-S20K250,50246007
SIOV-S20K95,20806724
"SISTEM FIXARE 200VA",20896544
"SISTEM FIXARE 80VA",20896583
"SISTEME FIXARE 15VA",20896628
"SISTEME FIXARE 20VA",20896772
SK13-DIO,37258518
SK24-DIO,35235963
SK815-DIO,37258887
SKBPC5010-YAN,38052186
SKHCBHA010,19096349
SKINTOP-PG16G,36683907
SKT14GR,33697382
SKT160-80X-100,20896868
SL-314,19589660
SL031,37530246
"SL15 22101",17957861
SL32-1R030,34633671
SL84-3G-DIO,30038144
SLB4-F-21,19589891
SLB4-F-22,19590095
SLB4-F-23,19590293
SLB4-F6.3-21,51785259
SLB4-F6.3-22,51785208
SLD-493ESD-F,37341378
SLDP-BX-40-TPY,36706605
SM12-CRP-B5Q-1B7,36684999
SM2000-DIO,37260966
SM32-1.65,20897318
SM32-2.0,20897462
SM5408-DIO,31972979
SM621008LLP70M,34622127
SMA-012RP,36685209
SMA207E001,36607422
SMA207E002.2,50095341
"SMA207E009,1",20762339
SMA207E015,52156275
"SMA207E016,5",20762513
SMA207E018,20762798
"SMA207E018,7",20762849
"SMA207E024,9",20762918
SMA207E027,20762963
SMA207E039,20763026
SMA207E047,20763065
SMA207E056,36606108
SMA207E075,49043340
SMA207E082,20763677
SMA207E110,42269340
SMA207E120,19534250
SMA207E180,31658543
SMA207E200,36054126
SMA207E220,31658642
SMA207E240,20763998
SMA207E270,34628829
SMA207E430,20764115
SMA207E560,33746487
SMA207E680,40301127
SMA207E750,20764289
SMA207E820,20764316
SMA207K001,31699871
SMA207K001.2,34448418
SMA207K001.3,20764442
SMA207K001.5,34460142
SMA207K002,34968903
"SMA207K002,49",20764679
SMA207K002.2,47718039
SMA207K002.7,47718207
"SMA207K003,3",20764748
"SMA207K003,6",20765765
"SMA207K003,9",20765819
"SMA207K006,8",20766938
"SMA207K009,1",20766995
SMA207K010,33123080
SMA207K018,36606360
SMA207K024,20767079
SMA207K027,20767121
SMA207K030,20767163
SMA207K033,20767187
SMA207K036,31658729
SMA207K043,20767295
SMA207K051,20767367
SMA207K056,20767415
SMA207K062,20767433
SMA207K075,20767535
SMA207K100,34628472
SMA207K105,20767691
SMA207K120,20767730
SMA207K130,40301232
SMA207K147,20767745
SMA207K178,20767835
SMA207K187,20767946
SMA207K200,31658792
SMA207K270,20768033
SMA207K316,20768168
SMA207K390,20768213
SMA207K442,20768258
SMA207K470,33856938
SMA207K510,31658843
SMA207K620,20768315
SMA207K680,20768357
SMA207K820,20768405
SMA207K910,20768459
SMA207M001,20768507
"SMA207M003,3",20770679
SMA207M005.6,37736445
SMBJ22CA-LF,37261569
SMBJ30A-LF,37261848
SMBJ36CD-M3/H,37263435
SMBJ5.0CA,37263744
SMBT3904E6327,38703531
SMC064BFE6E,34622490
SMCJ15CA-LF,37266738
SMCJ78A,37268556
SMD0603-100K-1%,20771483
SMD0603-10K-1%,38154897
SMD0603-160R-1%,20771546
SMD0603-330R-1%,36977211
SMD0603-360K-1%,38395665
SMD0603-51K-1%,20771660
SMD0603-68K-1%,20771699
SMD0603-750K,20771753
"SMD0805 150R 1%",20771786
"SMD0805 22K",20771822
"SMD0805 240K",20771900
"SMD0805 270k",20772383
"SMD0805 2R7 1%",20771993
"SMD0805 33k",20772023
"SMD0805 4K32 1%",20772056
"SMD0805 4k99 1%",20772080
"SMD0805 5K1 1%",20772101
"SMD0805 6K2 1%",20772122
"SMD0805 7K5 1%",20772146
SMD0805-10K-1%,35914196
SMD0805-110K-1%,20772173
SMD0805-120R-1,20772206
SMD0805-150R-1%,20772233
SMD0805-200R-1%,20772263
SMD0805-220R-1%,20772302
SMD0805-240K-1%,20772350
SMD0805-270K,38400153
SMD0805-330K,20772596
SMD0805-36K-1%,20772641
SMD0805-39K-1%,20772677
SMD0805-43K-1%,20772704
SMD0805-47K-1%,20772800
SMD0805-499R-1%,20772896
SMD0805-510R,38406546
SMD0805-560R-1%,20772995
SMD0805-56R-1%,20773025
SMD0805-5K6,20773070
SMD0805-68K-1%,20773100
SMD1206-0R1,20773166
SMD1206-100R-1%,51617451
SMD1206-10K-1%,37456545
SMD1206-1K5-1%,28136102
SMD1206-24K-1%,20773259
SMD1206-270R-1%,19248875
SMD1206-27R-1%,20773292
SMD1206-2k,20773331
SMD1206-2K-1%,20773364
SMD1206-2K4,20773388
SMD1206-2K7-1%,20773415
SMD1206-330R-1%,51615177
SMD1206-33K-1%,31999268
SMD1206-33R,39456690
SMD1206-43K-1%,20801351
SMD1206-560R,18752600
SMD1206-5K1-1%,20801474
SMD1206-680R-1%,24130445
SMD1206-68R,34640415
SMD1206-6K2-1%,20845511
SMD1206-7R5,20845571
SMD1206-82R,20845595
SMD1206-910R,20845622
SMD2512-1R5,53473506
SMD2512-2R2,20845688
SMD2512-47K-1%,20845730
SMDJ15CA,37269408
SMDMM0207-100R,20845802
SMICA-SOT93,48284460
SMICA-TO220,38175042
SML-P11DTT86R,37174416
SMM-115-01-S-D,19591184
SMQS080,37483473
SMZ60RT,37481754
SN74AHC125PW,34625892
SN74AHC1G86DBVR,34626213
SN74HC08N,34626495
SN74HC174N,41325924
SN74HC367D,18959816
SN74LVC2G14DBVT,34331709
SN75185DWG4,18959894
SN75188D,18962573
SN75189AD,18962660
SN754410NE,18962858
SN75ALS192N,18962978
SOLCON4,46295363
SP-1011-I,23061617
SP-6008,18987689
SP-T902,18988127
SP0502BAHTG,37270092
SP1310/P3,36685770
SP1310/P4,36685959
SP1310/S9,19591424
SP1311/S3,36686523
SP1311/S6,19591823
SP1311/S9,20929715
SP1312/P3,20929802
SP1312/S4,36686874
SP1312/S6,36687171
SR-623,33859368
SR-626,50172084
SR-627,38666562
SR-629,38666742
SR-G1,32631422
SR-G2,34756200
SR-SH817,16293827
SR-T1,37141167
SR-T2,36746697
SR1709-22,19591916
SR2.5BG,19592057
SRD-S-112D4,53795700
SRN3015-2R2M,41667048
SS24,37270497
SS36,35236089
SS495A,20583554
SSR-4028ZA2,38166021
ST-001/2,32459018
ST-002/2,19592138
ST-003/2,36689061
ST-005/B,35229720
ST-005/Z1,33213830
ST-010/R,36690996
ST-032/B,19604210
ST-032/R,19604237
ST-035/Z1,36691539
ST-040/B,19604261
ST-050/B,19604291
STGP8NC60KD,24303671
STL1550WH5,19604438
STLZ950WH2,19604504
STLZ950WV6,19612526
STM8S207K6T6C,18963185
STP11NK40ZFP,38706252
STP75NF75,31873055
STTH6003CW,37271730
SU161,38706753
SUD50N02-06-E3,38709279
SW2-1515S,18963506
SWPT-001T-P0.25,19612697
T1635-600G,38658117
T198N1600,21034970
T2020252101-000,19612781
T2020252201-000,19613015
T350A104M035AT,19269020
T491B106K010AT,19269188
T491B476K010AT,19269284
T812-1-24,19613144
T812-1-26,19613165
T812-1-34,19613240
T821-1-08-S1,36697659
T821-1-24-R1,19613432
T9-611P-10A,19119152
T910W-10K,49571766
T910W-1K,51864699
TACT-2BRYL,34904253
TAJA105K016R,35425392
TAJA106K016R,19269452
TAJA335K016R,19269509
TAJA336K010R,35426373
TAJA474M025R,19269839
TAJC227K006R,19270265
TAJD106M035R,19270358
TAJD475K050R,19270424
TAJD477K006RNJ,19270559
TAP105K025SCS,19270898
TAP224K035CCS,19270982
TAS-RG59BU,33877890
TAS1020BPFB,18963713
TB-3.5-P-2P/GY,36698247
TB-5.0-K-2P,19613660
TB-5.0-P-2P2-GY,19613720
TB-5.0-P-3P-19,19613786
TB-5.0-P-3P1/BL,49571679
TB-5.0-P-3P1/GY,19613915
TB-7.5-2P-S,36700140
TB6560AFG,34637880
TBA120S,18963968
TBA315N,18963770
TBG-3.5-KW-4P,19614014
TBG-3.5-PW-2P,36701463
TBG-3.5-PW-3P,19821515
TBG-3.5-PW-8P,36701628
TBG-5-KB-6P-GN,19614086
TBG-5-PB-3P/GN,19614332
TBG-5-PB-5P/GN,36702225
TBG-5.0-KB-3P,19615094
TBG-5.0-KB-7P,19614896
TBG-5.0-KB-9P,19615163
TBG-5.0-KW-6P,19615508
TBG-5.0-KW-7P,36703629
TBW-3.5-AMP-2P,36710481
TBW-3.5-AMP-3P,19934456
TBW-5-3P/GN,36710742
TBW-5-8P/GN,36711105
TBW-5.0-5P,19615943
TBW-5.0-K-10P,36739944
TBW-5.0-K-4P,26420972
TBW-5.0-K-5P,19615985
TBW-5.08-K-10P,19616075
TBW-5.08-K-9P,19616093
TC-1/35,19271345
TC-4.7/25,19271786
TC100/6.3-SMD,19271849
TC427CPA,18965969
TC4468CPD,18966026
TC7660SCOA,18966110
TCA0372DWG,34642842
TCLIY7X0.15,33878256
TCLT1600,37571355
TCRT1000,37153095
TDA7294V,34215285
TDSL5160,18618359
TEA3718DP,18966284
TEC2-1211WI,23954519
TEL-0007,33878937
TEL-4C-01T-BK,33879438
TEL-4C-02T-IV,33879843
TEL-RJ11-WH/05,33880233
TESA-51608-19,31670465
TFF-M2.5X8/DR112,21030077
TFF-M2X6/DR111,36750924
TFF-M3X18/DR113,44169948
TFF-M4X8/DR127,36751332
TFM-M2.5X12/DR212,33113645
TFM-M3X100/DR225,35930997
TFM-M4X12/DR227,21032444
TFM-M4X15/DR227,21032693
TFM-M5X25/DR228,36753708
THS3095D,18966395
TIP31C,31873361
TIP35C,32717036
TL16C550AN,18966638
TL7705ACP,34648797
TLC271ACP,34649091
TLC274CN,34651182
TLC3702IP,34651656
TLE2071CP,20863223
TLE9201SGAUMA1,36166524
TLHR5400,30898244
TLV1117-18CKVURG3,41977185
TLV2372IDR,34651800
TMB100/24,24131573
TO220-SET,17840348
TOP221PN,18967529
TOP246R-TL,18967643
TOP257YN,18967697
TOP264VG,18967805
TOP266EG,18967880
TP-6,21035819
TPA3116D2DADR,41916531
TPS232,20863301
TPS234,20863382
TPS61199PWPR,34724145
TPSC107K010R0100,19272419
TRE36A050-11G02,33298862
"TRX 20-50VA",21036683
TS2950CT-3.3,18967994
TS431BCX,18968060
TS7808CZ,18968132
TS78M05CP,18969221
TS78M12CP,18969266
TS78M18CP,18969338
TS7918CZ,18969494
TS79L09CT,18969599
TS79M12CP,18969770
TS809CXA,18975248
TSM4YJK005,38043933
TSTH-MM,21036833
TSZS25/12V,43092201
TT2-50KC3-9,32879495
TT500N14KOF,37530384
TUL-RI-00106,19616300
TUL-RI-00308,19616414
TUL-RI-00708,19616504
TUL-RI-02508,36762522
TUL-RI-06012,36762717
TURM,20863457
TVAU19HBB,19120295
TX3-HCS433-A,37530471
TZ-D-099,20875076
TZ-D-228,31663961
TZMC20-GS08,39050643
TZMC47-GS08,37272150
UA723CN,44283486
UA7805CKCS,49700973
UA7905U,18975380
UBT1E221MPD,19272509
UC3845BD,18975443
UC3846DW,34750032
UC3854DW,34750371
UCC28220PWR,34750707
UCC28C44DGKR,18975914
UCN5804B,18975998
UHF-010,19616717
UK2.5N,19616792
ULN2002A,18976091
ULN2068B,18976514
ULN2803A,34751874
ULQ2004A,34752066
ULR1000/6.3,19299941
ULR1200/4,19300001
UM62256V-55L,18977783
UNC3,36763635
UPLI-LI080CO-AZ01B,38666157
UPV1H1R5MFD,19300067
UPW0J331MED,19300103
UPW2A151MHD,46665831
URZ2D330MHD,19313612
USB-USBC-1.0-BK,41267892
USB-USBC-3.0-WH,33884985
USB.C-PD100-1.0BK,33885213
UT125C,33960063
UT131A,33385748
UT131B,30633788
UT2.5,19618040
UT830,36600471
UVR1E330MDD,19314026
UVR1H331MPD,19314161
UVY1E102MPD1TD,43425273
UVZ1C331MPD,19316264
V20PWM153-M3/I,37273203
V390ZA05P,38707329
V4NCT7,54070305
VAR10-150,24952445
VAR10-75,38708037
"VJ0603G105KXJCW1 BC",41582622
VJ0603Y473JXACW1BC,19316459
VLP-200-F,33888402
VLP-250-R,33888861
VN0300L-G,36749175
VND5160AJTR-E,34216209
VO615A-8X017T,37571673
VR05S12,20959166
VS-50TPS12L-M3,21035393
VS-C5TH3012-M3,37275210
VS-HFA15PB60-N3,37276797
VT16051C,31697408
W10M-LGE,54070341
W5100,18977834
WE-2219H,33969828
WE-3611V,33970071
WL1500/450,19316558
WL1A227M6L011BB,30057116
WL1A337M0811MBB,19316705
WL1C108M10020BB,34744590
WL1C477M1012MBB,34237851
WL1V337M10016BB,32719163
WLK-1MINI,37330794
WLK-4MINI,34905327
WLK-4MINI/HE,30520712
WMJ12N120D1-CYG,37645287
XKF-414-10021,33269582
XKF-414-10022,33269843
XR20M1172IL32-F,18978023
XRP7674IDTR-F,18978539
XT90PW-F,38309796
XTAR-5V-2.1A,24976292
XTR106PA,18978584
XY103-3P-5.0-GN,40011921
XY104-2P-5.0-BL,38752998
YJD15N10A-YAN,23648540
YL1J107M10012PA,41520048
Z-50/C,19121261
Z-81,19669724
Z0103MA.126,21372494
Z1SMA30-DIO,37277328
Z1SMA6V8,37277640
Z3SMC16-DIO,37280412
"ZCM-0,63A",20875295
ZCS-1A,20875391
ZCS-2A,51402516
ZCT-0.2A,19113299
ZCT-0.5A,20875511
ZCT-3.15A,19439522
ZD1005J-ABS-V0,33119495
ZD1005J-PCB-A0,33118742
ZDFP1005-ABS,33121322
ZGS-0.1A,20875895
ZGS-0.315A,20875928
ZGS-0.4A,52274358
ZGS-0.5A,20875964
ZGS-0.63A,20876018
ZGS-1.6A,23537378
ZGS-10A,20876072
ZGS-12A,51864111
ZGS-1A,33000185
ZGS-2.5A,33003818
ZGS-20A,23134601
ZGS-2A,33001490
ZGS-3.15A,33001652
ZGS-4A,51864030
ZGS-5A,33434483
ZGS-6.3A,32621996
ZGSS-0.8A,38016657
ZGT-1.25A,37033872
ZGT-10A,49593612
ZGT-15A,35501661
ZGT-1A,37033503
ZGT-2A,37034067
ZGT-6.3A,37034571
ZGTH-1.25A,20879174
ZGTH-1.6A,20879228
ZGTH-20A,20879330
ZHL30A,19618139
ZHL31H,20930408
ZHL7X-H,20930666
ZKM-0.25A,20879486
ZKM-0.2A,20879537
ZKM-0.4A,20879633
ZKM-0.5A,32998790
ZKM-0.8A,20879711
ZKM-1.6A,19606448
ZKM-10A,32999468
ZKM-16A,33106352
ZKM-1A,32998910
ZKM-2.5A,32999132
ZKM-2A,32998997
ZKM-3.15A,32999216
ZKM-4A,32999390
ZKM-6.3A,33106040
ZKM-8A,33106220
ZKS-0.16A,32986427
ZKS-0.1A,32721029
ZKS-0.25A,18320183
ZKS-0.315A,32999663
ZKS-0.4A,35279436
ZKS-0.63A,34432833
ZKS-0.8A,20880356
ZKS-1.25A,34643049
ZKS-1.6A,34643691
ZKS-10A/250V,32999828
ZKS-16A/250V,33000056
ZKS-1A,31870265
ZKS-2.5A,31870340
ZKS-2A,31784441
ZKS-3.15A,31863311
ZKS-4A,31863188
ZKS-5A,34194165
ZKS-6.3A,31867703
ZKS-8A/250V,31885742
ZKSS-2A,21672408
ZKT-0.2A,20892122
ZKT-0.315A,20892338
ZKT-0.4A,20892377
ZKT-0.5A,32997872
ZKT-0.63A,35915805
ZKT-0.8A,33104645
ZKT-1.6A,20895722
ZKT-10A/250V,32998586
ZKT-1A,32998091
ZKT-2.5A,32998367
ZKT-3.15A,33105308
ZKT-4A,20896019
ZKT-5A,31426814
ZKT-6.3A,33105650
ZL201-02G,19618187
ZL201-03G,19618211
ZL201-10G,31703213
ZL201-16G,19618364
ZL201-40G,31432355
ZL2019-2X20,19618682
ZL202-10G,36769512
ZL202-20G,19619117
ZL2029-20,19619213
ZL209-40P,19619345
ZL211-40KG,19619537
ZL211-40KG-S,30071387
ZL212-40KG,19619624
ZL231-14PG,19619714
ZL231-16PG,36770757
ZL231-20PG,19619831
ZL231-50PG,19619858
ZL262-20DG,19619996
ZL262-20SG,53122398
ZL262-50DG,36771630
ZL262-5SG,33414851
ZL262-6SG,30058208
ZL262-8SG,31665458
ZL263-10SG,36772632
ZL263-16DG,19620152
ZL263-32DG,37726803
ZL263-4SG,33939036
ZL263-6SG,33938919
ZL263-8SG,19660055
ZL264-34DG,19660115
ZL264-8DG,19660178
ZL265-16DG,19660199
ZL265-4SG,19660223
ZL265-8SG,19660250
ZL301-2X40P,19660289
ZL303-08P,19660262
ZL303-40P,19660325
ZL307-1X4,36774633
ZL310-2X20P,19664315
ZL310-40P,19664345
ZL311-40P,19664408
ZMM024,35502702
ZMM3.3-DIO,37280823
ZP1608060JH-TM-PC,36795309
ZPY5.6-DIO,37281057
ZRC00JS4721C00L,52351242
ZSI-50791,34439535
ZSI-53997,28103783
ZSI24/0.5,36887283
ZSMD-7V5,37281387
ZTT12.00MT,38133303
ZTTCR4MG,38133558
ZTX451,41952093
ZTX653,38710569
IDH08SG60C,54268134
IND8-24Y-A,54269133
BR2510,54269331
IND8-24R-A,54270348
ICE2QR2280Z,54664122
LM358DT,54759153
BC546B-DIO,54763962
ED1A152MNN1020,54764340
PF1A471MNN08B5,54764439
MPEM-2U2R15/100,54764517
BC32740TA,54958050
CCH-10N/3000V,55046829
BF121,55168242
BF113,55168281
PE0805FRF070R02L,55332387
TYS5040220M-10,55332453
IRLZ44NPBF,55333050
CL10B104JB8NNNC,55494294
GRM1885C1H103JA01D,55494315
TPSB107M010R0400,55494435
IRLML5203TRPBF,55495149
BCX56-16-DIO,55495191
WPS-H-7-TPY:,55572783
BZM55C5V1-TR,55574505
MBRS240LT3G,55574556
SP1001-04JTG,55574622
PC355NJ0000F,55574694
OF-SMD2012Y,55576941
OSR50805C1E,55576986
16.00M-HC49-S,55577400
BLM18AG102SN1D,55577442
SIOV-S14K230,55579710
TAJB476K010RNJ,55579770
TPSC107K010R007,55580088
TPSD227K010R010,55581237
CL10A475KO8NNNC,55581528
GRM21BR61E226ME44L,55581600
1-160759-1/C,55667919
ALDP112,55668237
SMD0603-100R-1%,55669884
SMD0603-1K-1%,55670097
SMD0603-2K2-1%,55670220
SMD0603-3K3-1%,55670286
SMD0805-100R-1%,55670346
15EDGRC3.81-03P,55670772
15EDGRC-3.5/10P,55671063
TBG-5.0-KW-10P,55671156
M24C32-WMN6P,55678080
KENF100,55761279
KM1000/50,55823427
GF100/50,55823520
D20XB80-7000,55823907
STGW40V60DF,55824177
UBM2A250V,56287902
B57237S0100M000,56288337
MKP10-220N/1600,56291910
SRD-S-124DM,56693790
INA199A3DCKT,56773641
BR501W,56858775
1W-12R-1%,57033102
SMAR-TF-60,57134532
EEUFR0J222B,57501198
NDS9948,58959117
FDS8949,58959165
CF2WS-15K,59156823
CF2WS-680R,59156919
SMA207E330,59273520
SMA207K007.5,59273802
SMA207K150,59274912
SMA207M004.7,59275086
SMA207K180,59275860
BM005062,59773803
ROX5SSJ5R1,60169704
UHB-OTG-02,60172365
CCP-USB2-AMAM-6,60172482
1W-100R-1%,60172779
1W-10K-1%,60172827
1W-0R1-1%,60172875
1W-1M-1%,60174957
1W-47K-1%,60175110
1W-33R-1%,60176607
1W-68R-1%,60176658
1W-180R-1%,60176730
1W-62K-1%,60176883
NFR1W-47R,60176991
NFR1W-0R22,60177087
NFR1W-10R,60177165
NFR1W-2R2,60177228
NFR1W-0R33,60177468
NFR1W-3R3,60177597
R46KI347040P0M,60177942
PC16SH-5K-P11,60178569
6PMI-25K,60178713
DS9092LED,60178833
74HC273D.653,60383229
BMN1648,60831588
ALZ12F12,61160070
PF2W560MNN1832,61180473
KU02LNI-RT,61181442
CBB61,61199313
MPSA13-CDI,61901409
MPEM-100NR10/400,61902069
MOC3020-LIT,62127513
CS2200/25,62131914
RD1E108M10020BB,62134911
STW11NK100Z,63188709
DG381-3.5-03P-13,63205278
DSC-209-B,63206001
MSTS/3,63424281
AX5W-0R47,63424359
CE-10/50PHT-TAS,63424512
CE-47/25PHT-Y,63424632
RD1V478M1835MBB,63682221
STD5N52U,63889053
POT2218M-1K,64112292
IHW30N120R5XKSA1,64706841
M20-8761042P,64908531
SMD0805-100K,64926900
2891001,65141571
AX10W-1R,65354253
SEP5KV-16-LBR-10,65364489
LOG-NK4011,66162846
SF139R0,66163095
PMR2S-5K1,66164022
ACCU-R3/1000RENGP,66418464
PTS645SH50SMTR92,66423051
CD4052BE,66439146
TL3342F160QG,66627390
CCT-680P/100V,66628761
G5Q-14-12DC,66629022
CL10C180JB8NNNC,66642402
SN035-16,66881949
15EDGK3.81-10P,66882312
BTA16-600SWRG,67760598
LOG-MP0053,67763190
D2F-01L,67768113
PEC11L-4220F-S0015,67948437
R463I333040N0M,68136270
KTY81-210,68136429
FDD86367,68156202
STRS6707,69254898
HF115F/024-1Z1A,69392589
TL1105LF250Q,69394962
K1500G-LF,69592863
BK1-S500-3-15-R,69594180
B57211P0509M351,69597840
"BT149G,126",69598101
IHW40N120R5XKSA1,69598575
ROX1SJ33R,70009107
C10909_EVA-MC-WW,70009179
ACT45C-101-2P-TL000,70009404
GRM188R61E106KA73J,70025607
FYLS-2835PUAC-0.2W,70027284
M0.6W-330K,70237974
BT-L-030/H,70238214
CXB1304-0000-00PC0U0A40H,70432635
NUCLEO-F439ZI,70434258
ULN2004ADR,70434639
UT53,70446399
UT139B,70446495
TJ0651530000G,70456476
LTL-4231N,70458627
SMD0805-22R-1%,70825881
V39ZA6P,70827351
ROX3SJ2R2,71247984
KBJ406G-DIC,71475477
SKHCBGA010,71476338
PE014024,71705031
T812116A100CEU,71706201
WL1H158M1631MBB,72186243
KNP05WS-150R,72186564
KNP05WS-82R,72186720
1206B104K500CT,72666603
KBPC3504W-DC,72669702
TSX1,72670722
GT100/25,72674301
RB162MM-40TR,72902088
TCJA106M016R0200,72902925
M24512-WMN6TP,72909462
ESD104E,72911013
VNP20N07-E,73379418
SMD0805-3K9-1%,73381197
SMD0805-1K-1%,73381233
CL31B102KBCNNNC,73381719
BC807-25-DIO,73381836
